ano,id_municipio,nome_municipio,pib_total_mil_reais,populacao_estimada,pib_per_capita
2002,3300100,Angra dos Reis - RJ,2296837,126333,18180.82
2003,3300100,Angra dos Reis - RJ,2223041,129621,17150.32
2004,3300100,Angra dos Reis - RJ,3229372,136525,23654.07
2005,3300100,Angra dos Reis - RJ,3603919,140345,25679.00
2006,3300100,Angra dos Reis - RJ,4008492,144137,27810.29
2008,3300100,Angra dos Reis - RJ,5499406,164191,33493.96
2009,3300100,Angra dos Reis - RJ,5794724,168664,34356.61
2011,3300100,Angra dos Reis - RJ,6786692,173370,39145.71
2012,3300100,Angra dos Reis - RJ,6722197,177101,37956.86
2013,3300100,Angra dos Reis - RJ,6378172,181486,35144.15
2014,3300100,Angra dos Reis - RJ,7756628,184940,41941.32
2015,3300100,Angra dos Reis - RJ,7600989,188276,40371.52
2016,3300100,Angra dos Reis - RJ,9294025,191504,48531.75
2017,3300100,Angra dos Reis - RJ,10106295,194619,51928.61
2018,3300100,Angra dos Reis - RJ,8942168,200407,44620.04
2019,3300100,Angra dos Reis - RJ,9828660,203785,48230.54
2020,3300100,Angra dos Reis - RJ,10397760,207044,50220.05
2021,3300100,Angra dos Reis - RJ,11194157,210171,53262.14
2002,3300159,Aperibé - RJ,59466,8377,7098.72
2003,3300159,Aperibé - RJ,66750,8544,7812.50
2004,3300159,Aperibé - RJ,46443,8893,5222.42
2005,3300159,Aperibé - RJ,49246,9087,5419.39
2006,3300159,Aperibé - RJ,52936,9279,5704.93
2008,3300159,Aperibé - RJ,71203,9420,7558.70
2009,3300159,Aperibé - RJ,80440,9556,8417.75
2011,3300159,Aperibé - RJ,106596,10382,10267.39
2012,3300159,Aperibé - RJ,113862,10545,10797.72
2013,3300159,Aperibé - RJ,134907,10736,12565.85
2014,3300159,Aperibé - RJ,142621,10882,13106.14
2015,3300159,Aperibé - RJ,156723,11023,14217.82
2016,3300159,Aperibé - RJ,167714,11160,15028.14
2017,3300159,Aperibé - RJ,171697,11292,15205.19
2018,3300159,Aperibé - RJ,181569,11612,15636.32
2019,3300159,Aperibé - RJ,208718,11759,17749.64
2020,3300159,Aperibé - RJ,223026,11901,18740.11
2021,3300159,Aperibé - RJ,249119,12036,20697.82
2002,3300209,Araruama - RJ,544748,87806,6204.00
2003,3300209,Araruama - RJ,564494,90128,6263.25
2004,3300209,Araruama - RJ,636247,95003,6697.13
2005,3300209,Araruama - RJ,694029,97701,7103.60
2006,3300209,Araruama - RJ,799175,100378,7961.65
2008,3300209,Araruama - RJ,1021863,107285,9524.75
2009,3300209,Araruama - RJ,1187873,109705,10827.88
2011,3300209,Araruama - RJ,1547325,114250,13543.33
2012,3300209,Araruama - RJ,1815499,116418,15594.66
2013,3300209,Araruama - RJ,2065779,118964,17364.74
2014,3300209,Araruama - RJ,2063934,120948,17064.64
2015,3300209,Araruama - RJ,2251793,122865,18327.38
2016,3300209,Araruama - RJ,2476384,124940,19820.59
2017,3300209,Araruama - RJ,2515123,126742,19844.43
2018,3300209,Araruama - RJ,2676428,130439,20518.62
2019,3300209,Araruama - RJ,3686098,132400,27840.62
2020,3300209,Araruama - RJ,3529276,134293,26280.42
2021,3300209,Araruama - RJ,4234217,136109,31109.02
2002,3300225,Areal - RJ,90322,10254,8808.46
2003,3300225,Areal - RJ,101438,10419,9735.87
2004,3300225,Areal - RJ,120860,10765,11227.12
2005,3300225,Areal - RJ,118120,10957,10780.32
2006,3300225,Areal - RJ,137174,11147,12305.91
2008,3300225,Areal - RJ,167543,11797,14202.17
2009,3300225,Areal - RJ,267172,11982,22297.78
2011,3300225,Areal - RJ,338024,11540,29291.51
2012,3300225,Areal - RJ,356314,11654,30574.40
2013,3300225,Areal - RJ,238990,11785,20279.17
2014,3300225,Areal - RJ,271557,11879,22860.26
2015,3300225,Areal - RJ,294171,11970,24575.69
2016,3300225,Areal - RJ,315905,12058,26198.79
2017,3300225,Areal - RJ,325726,12143,26824.18
2018,3300225,Areal - RJ,315392,12471,25290.03
2019,3300225,Areal - RJ,354392,12572,28188.99
2020,3300225,Areal - RJ,389827,12669,30770.15
2021,3300225,Areal - RJ,427436,12763,33490.25
2002,3300233,Armação dos Búzios - RJ,763414,19818,38521.24
2003,3300233,Armação dos Búzios - RJ,929450,20567,45191.33
2004,3300233,Armação dos Búzios - RJ,1108006,22140,50045.44
2005,3300233,Armação dos Búzios - RJ,1550863,23011,67396.59
2006,3300233,Armação dos Búzios - RJ,1798812,23874,75346.07
2008,3300233,Armação dos Búzios - RJ,2260322,27701,81597.13
2009,3300233,Armação dos Búzios - RJ,1525776,28653,53250.13
2011,3300233,Armação dos Búzios - RJ,2439888,28279,86279.15
2012,3300233,Armação dos Búzios - RJ,3284323,28973,113358.06
2013,3300233,Armação dos Búzios - RJ,3434438,29790,115288.28
2014,3300233,Armação dos Búzios - RJ,3983707,30439,130875.09
2015,3300233,Armação dos Búzios - RJ,2282739,31067,73477.93
2016,3300233,Armação dos Búzios - RJ,1472824,31674,46499.46
2017,3300233,Armação dos Búzios - RJ,1713499,32260,53115.28
2018,3300233,Armação dos Búzios - RJ,2361779,33240,71052.32
2019,3300233,Armação dos Búzios - RJ,2628093,33870,77593.53
2020,3300233,Armação dos Búzios - RJ,2053833,34477,59571.11
2021,3300233,Armação dos Búzios - RJ,2970297,35060,84720.39
2002,3300258,Arraial do Cabo - RJ,260272,24721,10528.38
2003,3300258,Arraial do Cabo - RJ,259153,25113,10319.48
2004,3300258,Arraial do Cabo - RJ,260338,25935,10038.10
2005,3300258,Arraial do Cabo - RJ,667017,26390,25275.37
2006,3300258,Arraial do Cabo - RJ,568086,26842,21164.07
2008,3300258,Arraial do Cabo - RJ,376503,26636,14135.12
2009,3300258,Arraial do Cabo - RJ,337991,26896,12566.59
2011,3300258,Arraial do Cabo - RJ,532429,28010,19008.53
2012,3300258,Arraial do Cabo - RJ,1359114,28295,48033.72
2013,3300258,Arraial do Cabo - RJ,1126464,28627,39349.70
2014,3300258,Arraial do Cabo - RJ,1130032,28866,39147.51
2015,3300258,Arraial do Cabo - RJ,801489,29097,27545.42
2016,3300258,Arraial do Cabo - RJ,664032,29077,22837.02
2017,3300258,Arraial do Cabo - RJ,724388,29304,24719.77
2018,3300258,Arraial do Cabo - RJ,1291857,30096,42924.54
2019,3300258,Arraial do Cabo - RJ,2557039,30349,84254.47
2020,3300258,Arraial do Cabo - RJ,1828909,30593,59781.94
2021,3300258,Arraial do Cabo - RJ,2705450,30827,87762.35
2002,3300308,Barra do Piraí - RJ,662215,90461,7320.45
2003,3300308,Barra do Piraí - RJ,725672,91369,7942.21
2004,3300308,Barra do Piraí - RJ,850369,93277,9116.60
2005,3300308,Barra do Piraí - RJ,808508,94332,8570.88
2006,3300308,Barra do Piraí - RJ,887018,95380,9299.83
2008,3300308,Barra do Piraí - RJ,1146395,102487,11185.76
2009,3300308,Barra do Piraí - RJ,1204623,103833,11601.54
2011,3300308,Barra do Piraí - RJ,1475764,95260,15491.96
2012,3300308,Barra do Piraí - RJ,1665111,95726,17394.55
2013,3300308,Barra do Piraí - RJ,1711023,96261,17774.83
2014,3300308,Barra do Piraí - RJ,1897185,96568,19646.10
2015,3300308,Barra do Piraí - RJ,1951268,96865,20144.20
2016,3300308,Barra do Piraí - RJ,1984592,97152,20427.70
2017,3300308,Barra do Piraí - RJ,2014883,97460,20673.95
2018,3300308,Barra do Piraí - RJ,2061848,99969,20624.87
2019,3300308,Barra do Piraí - RJ,2115455,100374,21075.73
2020,3300308,Barra do Piraí - RJ,2466252,100764,24475.53
2021,3300308,Barra do Piraí - RJ,2713890,101139,26833.27
2002,3300407,Barra Mansa - RJ,1579489,172290,9167.62
2003,3300407,Barra Mansa - RJ,1877325,173003,10851.40
2004,3300407,Barra Mansa - RJ,2162544,174500,12392.80
2005,3300407,Barra Mansa - RJ,2193098,175328,12508.54
2006,3300407,Barra Mansa - RJ,2261142,176151,12836.38
2008,3300407,Barra Mansa - RJ,2537239,176469,14377.82
2009,3300407,Barra Mansa - RJ,2923774,176899,16527.93
2011,3300407,Barra Mansa - RJ,3584697,178355,20098.66
2012,3300407,Barra Mansa - RJ,4060601,178880,22700.14
2013,3300407,Barra Mansa - RJ,5040095,179472,28082.90
2014,3300407,Barra Mansa - RJ,5397423,179697,30036.24
2015,3300407,Barra Mansa - RJ,4962639,179915,27583.24
2016,3300407,Barra Mansa - RJ,4792723,180126,26607.61
2017,3300407,Barra Mansa - RJ,4884834,179451,27220.99
2018,3300407,Barra Mansa - RJ,5565508,183976,30251.27
2019,3300407,Barra Mansa - RJ,5486252,184412,29749.97
2020,3300407,Barra Mansa - RJ,5906391,184833,31955.28
2021,3300407,Barra Mansa - RJ,6449270,185237,34816.32
2002,3300456,Belford Roxo - RJ,1952238,449997,4338.34
2003,3300456,Belford Roxo - RJ,2238333,457201,4895.73
2004,3300456,Belford Roxo - RJ,2631704,472325,5571.81
2005,3300456,Belford Roxo - RJ,2436501,480695,5068.70
2006,3300456,Belford Roxo - RJ,2720963,489002,5564.32
2008,3300456,Belford Roxo - RJ,3466645,495694,6993.52
2009,3300456,Belford Roxo - RJ,3901711,501544,7779.40
2011,3300456,Belford Roxo - RJ,5077594,472008,10757.43
2012,3300456,Belford Roxo - RJ,5229925,474596,11019.74
2013,3300456,Belford Roxo - RJ,6288604,477583,13167.56
2014,3300456,Belford Roxo - RJ,6592296,479386,13751.54
2015,3300456,Belford Roxo - RJ,7386583,481127,15352.67
2016,3300456,Belford Roxo - RJ,7941397,494141,16071.12
2017,3300456,Belford Roxo - RJ,8189053,495783,16517.41
2018,3300456,Belford Roxo - RJ,7956748,508614,15643.98
2019,3300456,Belford Roxo - RJ,8061960,510906,15779.73
2020,3300456,Belford Roxo - RJ,8763446,513118,17078.81
2021,3300456,Belford Roxo - RJ,8839736,515239,17156.57
2002,3300506,Bom Jardim - RJ,148873,23076,6451.42
2003,3300506,Bom Jardim - RJ,164537,23274,7069.56
2004,3300506,Bom Jardim - RJ,176174,23688,7437.27
2005,3300506,Bom Jardim - RJ,153975,23917,6437.89
2006,3300506,Bom Jardim - RJ,179335,24145,7427.42
2008,3300506,Bom Jardim - RJ,344986,26207,13163.89
2009,3300506,Bom Jardim - RJ,356826,26549,13440.28
2011,3300506,Bom Jardim - RJ,458893,25539,17968.32
2012,3300506,Bom Jardim - RJ,520423,25738,20220.02
2013,3300506,Bom Jardim - RJ,585220,25969,22535.33
2014,3300506,Bom Jardim - RJ,656729,26126,25136.99
2015,3300506,Bom Jardim - RJ,678454,26278,25818.33
2016,3300506,Bom Jardim - RJ,678485,26424,25676.85
2017,3300506,Bom Jardim - RJ,654387,26566,24632.50
2018,3300506,Bom Jardim - RJ,676541,27269,24809.89
2019,3300506,Bom Jardim - RJ,697899,27446,25428.08
2020,3300506,Bom Jardim - RJ,867982,27616,31430.40
2021,3300506,Bom Jardim - RJ,887295,27779,31941.21
2002,3300605,Bom Jesus do Itabapoana - RJ,219186,34451,6362.25
2003,3300605,Bom Jesus do Itabapoana - RJ,249236,34820,7157.84
2004,3300605,Bom Jesus do Itabapoana - RJ,271969,35595,7640.65
2005,3300605,Bom Jesus do Itabapoana - RJ,263784,36024,7322.45
2006,3300605,Bom Jesus do Itabapoana - RJ,305603,36450,8384.17
2008,3300605,Bom Jesus do Itabapoana - RJ,402226,35178,11434.02
2009,3300605,Bom Jesus do Itabapoana - RJ,406667,35303,11519.33
2011,3300605,Bom Jesus do Itabapoana - RJ,458291,35546,12892.90
2012,3300605,Bom Jesus do Itabapoana - RJ,503725,35677,14119.04
2013,3300605,Bom Jesus do Itabapoana - RJ,578889,35825,16158.80
2014,3300605,Bom Jesus do Itabapoana - RJ,606058,35896,16883.72
2015,3300605,Bom Jesus do Itabapoana - RJ,668437,35964,18586.28
2016,3300605,Bom Jesus do Itabapoana - RJ,710393,36031,19716.16
2017,3300605,Bom Jesus do Itabapoana - RJ,728093,36068,20186.68
2018,3300605,Bom Jesus do Itabapoana - RJ,761618,36985,20592.62
2019,3300605,Bom Jesus do Itabapoana - RJ,729617,37096,19668.35
2020,3300605,Bom Jesus do Itabapoana - RJ,869846,37203,23381.07
2021,3300605,Bom Jesus do Itabapoana - RJ,908156,37306,24343.43
2002,3300704,Cabo Frio - RJ,2598632,137863,18849.38
2003,3300704,Cabo Frio - RJ,3194585,142984,22342.26
2004,3300704,Cabo Frio - RJ,4169573,153735,27121.82
2005,3300704,Cabo Frio - RJ,7322076,159685,45853.25
2006,3300704,Cabo Frio - RJ,9841366,165591,59431.77
2008,3300704,Cabo Frio - RJ,10957615,180635,60661.64
2009,3300704,Cabo Frio - RJ,7453860,186004,40073.65
2011,3300704,Cabo Frio - RJ,12612721,190787,66108.91
2012,3300704,Cabo Frio - RJ,16764657,195197,85885.83
2013,3300704,Cabo Frio - RJ,16866050,200380,84170.33
2014,3300704,Cabo Frio - RJ,17208139,204486,84153.14
2015,3300704,Cabo Frio - RJ,10639148,208451,51039.08
2016,3300704,Cabo Frio - RJ,7207340,212289,33950.61
2017,3300704,Cabo Frio - RJ,8600620,216030,39812.16
2018,3300704,Cabo Frio - RJ,10972209,222528,49307.09
2019,3300704,Cabo Frio - RJ,11521218,226525,50860.69
2020,3300704,Cabo Frio - RJ,9328185,230378,40490.78
2021,3300704,Cabo Frio - RJ,12359509,234077,52801.04
2002,3300803,Cachoeiras de Macacu - RJ,339833,50297,6756.53
2003,3300803,Cachoeiras de Macacu - RJ,439041,51111,8589.95
2004,3300803,Cachoeiras de Macacu - RJ,577088,52819,10925.77
2005,3300803,Cachoeiras de Macacu - RJ,491294,53765,9137.80
2006,3300803,Cachoeiras de Macacu - RJ,544248,54703,9949.14
2008,3300803,Cachoeiras de Macacu - RJ,770555,56529,13631.15
2009,3300803,Cachoeiras de Macacu - RJ,836510,57300,14598.78
2011,3300803,Cachoeiras de Macacu - RJ,890326,54713,16272.66
2012,3300803,Cachoeiras de Macacu - RJ,1018190,55139,18465.88
2013,3300803,Cachoeiras de Macacu - RJ,988948,55632,17776.60
2014,3300803,Cachoeiras de Macacu - RJ,958313,55967,17122.82
2015,3300803,Cachoeiras de Macacu - RJ,990738,56290,17600.60
2016,3300803,Cachoeiras de Macacu - RJ,1042235,56603,18413.07
2017,3300803,Cachoeiras de Macacu - RJ,966055,57048,16934.07
2018,3300803,Cachoeiras de Macacu - RJ,1033179,58560,17643.08
2019,3300803,Cachoeiras de Macacu - RJ,1108135,58937,18802.03
2020,3300803,Cachoeiras de Macacu - RJ,1214996,59303,20487.93
2021,3300803,Cachoeiras de Macacu - RJ,1305498,59652,21885.23
2002,3300902,Cambuci - RJ,83160,14593,5698.62
2003,3300902,Cambuci - RJ,80171,14557,5507.38
2004,3300902,Cambuci - RJ,98136,14481,6776.88
2005,3300902,Cambuci - RJ,100379,14439,6951.94
2006,3300902,Cambuci - RJ,109438,14398,7600.92
2008,3300902,Cambuci - RJ,170770,14772,11560.38
2009,3300902,Cambuci - RJ,160031,14770,10834.87
2011,3300902,Cambuci - RJ,211934,14840,14281.27
2012,3300902,Cambuci - RJ,223487,14851,15048.62
2013,3300902,Cambuci - RJ,250201,14862,16834.95
2014,3300902,Cambuci - RJ,283111,14849,19066.00
2015,3300902,Cambuci - RJ,285792,14836,19263.41
2016,3300902,Cambuci - RJ,333998,14824,22530.90
2017,3300902,Cambuci - RJ,317613,15124,21000.60
2018,3300902,Cambuci - RJ,336837,15496,21737.03
2019,3300902,Cambuci - RJ,353667,15505,22809.87
2020,3300902,Cambuci - RJ,404958,15514,26102.75
2021,3300902,Cambuci - RJ,399847,15521,25761.68
2002,3300936,Carapebus - RJ,340276,9365,36334.86
2003,3300936,Carapebus - RJ,380983,9554,39876.81
2004,3300936,Carapebus - RJ,464020,9951,46630.49
2005,3300936,Carapebus - RJ,560746,10170,55137.27
2006,3300936,Carapebus - RJ,621032,10389,59777.84
2008,3300936,Carapebus - RJ,683640,11671,58575.96
2009,3300936,Carapebus - RJ,438878,11939,36760.03
2011,3300936,Carapebus - RJ,812085,13697,59289.26
2012,3300936,Carapebus - RJ,897404,14024,63990.59
2013,3300936,Carapebus - RJ,855317,14408,59364.03
2014,3300936,Carapebus - RJ,911496,14713,61951.74
2015,3300936,Carapebus - RJ,536423,15008,35742.47
2016,3300936,Carapebus - RJ,302994,15293,19812.59
2017,3300936,Carapebus - RJ,368299,15568,23657.44
2018,3300936,Carapebus - RJ,521794,16039,32532.83
2019,3300936,Carapebus - RJ,453285,16301,27807.19
2020,3300936,Carapebus - RJ,439157,16586,26477.57
2021,3300936,Carapebus - RJ,726756,16859,43107.89
2002,3300951,Comendador Levy Gasparian - RJ,88592,8102,10934.58
2003,3300951,Comendador Levy Gasparian - RJ,103556,8185,12651.92
2004,3300951,Comendador Levy Gasparian - RJ,132480,8359,15848.79
2005,3300951,Comendador Levy Gasparian - RJ,189526,8455,22415.85
2006,3300951,Comendador Levy Gasparian - RJ,253387,8551,29632.44
2008,3300951,Comendador Levy Gasparian - RJ,214485,8760,24484.59
2009,3300951,Comendador Levy Gasparian - RJ,239701,8839,27118.57
2011,3300951,Comendador Levy Gasparian - RJ,183152,8200,22335.61
2012,3300951,Comendador Levy Gasparian - RJ,195370,8219,23770.53
2013,3300951,Comendador Levy Gasparian - RJ,221394,8240,26868.20
2014,3300951,Comendador Levy Gasparian - RJ,254202,8245,30831.05
2015,3300951,Comendador Levy Gasparian - RJ,333015,8250,40365.45
2016,3300951,Comendador Levy Gasparian - RJ,349233,8255,42305.63
2017,3300951,Comendador Levy Gasparian - RJ,361375,8336,43351.13
2018,3300951,Comendador Levy Gasparian - RJ,390892,8544,45750.47
2019,3300951,Comendador Levy Gasparian - RJ,424146,8561,49543.98
2020,3300951,Comendador Levy Gasparian - RJ,487477,8576,56842.00
2021,3300951,Comendador Levy Gasparian - RJ,603969,8590,70310.71
2002,3301009,Campos dos Goytacazes - RJ,12507069,413445,30250.87
2003,3301009,Campos dos Goytacazes - RJ,15297742,416441,36734.48
2004,3301009,Campos dos Goytacazes - RJ,17866505,422731,42264.48
2005,3301009,Campos dos Goytacazes - RJ,26915575,426212,63150.67
2006,3301009,Campos dos Goytacazes - RJ,34268502,429667,79755.96
2008,3301009,Campos dos Goytacazes - RJ,44887730,431839,103945.52
2009,3301009,Campos dos Goytacazes - RJ,31548704,434008,72691.53
2011,3301009,Campos dos Goytacazes - RJ,51026659,468087,109011.06
2012,3301009,Campos dos Goytacazes - RJ,59530941,472300,126044.76
2013,3301009,Campos dos Goytacazes - RJ,58372358,477208,122320.58
2014,3301009,Campos dos Goytacazes - RJ,58004933,480648,120680.69
2015,3301009,Campos dos Goytacazes - RJ,34158330,483970,70579.44
2016,3301009,Campos dos Goytacazes - RJ,17274332,487186,35457.37
2017,3301009,Campos dos Goytacazes - RJ,21110490,490288,43057.33
2018,3301009,Campos dos Goytacazes - RJ,32338283,503424,64236.67
2019,3301009,Campos dos Goytacazes - RJ,29136988,507548,57407.35
2020,3301009,Campos dos Goytacazes - RJ,23852870,511168,46663.46
2021,3301009,Campos dos Goytacazes - RJ,37179716,514643,72243.70
2002,3301108,Cantagalo - RJ,322458,20131,16017.98
2003,3301108,Cantagalo - RJ,343662,20269,16955.05
2004,3301108,Cantagalo - RJ,409020,20557,19896.87
2005,3301108,Cantagalo - RJ,333976,20717,16120.87
2006,3301108,Cantagalo - RJ,340287,20876,16300.39
2008,3301108,Cantagalo - RJ,628855,20491,30689.33
2009,3301108,Cantagalo - RJ,740717,20540,36062.17
2011,3301108,Cantagalo - RJ,676837,19830,34131.97
2012,3301108,Cantagalo - RJ,852727,19830,43001.87
2013,3301108,Cantagalo - RJ,855411,19825,43148.10
2014,3301108,Cantagalo - RJ,855427,19792,43220.85
2015,3301108,Cantagalo - RJ,1030745,19759,52165.85
2016,3301108,Cantagalo - RJ,865420,19727,43869.82
2017,3301108,Cantagalo - RJ,681590,19697,34603.75
2018,3301108,Cantagalo - RJ,765208,20177,37924.77
2019,3301108,Cantagalo - RJ,730607,20172,36218.87
2020,3301108,Cantagalo - RJ,755569,20168,37463.75
2021,3301108,Cantagalo - RJ,841413,20163,41730.55
2002,3301157,Cardoso Moreira - RJ,57895,12551,4612.78
2003,3301157,Cardoso Moreira - RJ,61342,12531,4895.22
2004,3301157,Cardoso Moreira - RJ,66900,12488,5357.14
2005,3301157,Cardoso Moreira - RJ,63377,12465,5084.40
2006,3301157,Cardoso Moreira - RJ,75346,12441,6056.27
2008,3301157,Cardoso Moreira - RJ,169116,12502,13527.12
2009,3301157,Cardoso Moreira - RJ,111994,12481,8973.16
2011,3301157,Cardoso Moreira - RJ,136213,12601,10809.70
2012,3301157,Cardoso Moreira - RJ,218057,12601,17304.74
2013,3301157,Cardoso Moreira - RJ,287249,12599,22799.35
2014,3301157,Cardoso Moreira - RJ,271857,12578,21613.69
2015,3301157,Cardoso Moreira - RJ,309846,12558,24673.20
2016,3301157,Cardoso Moreira - RJ,330961,12538,26396.63
2017,3301157,Cardoso Moreira - RJ,320020,12519,25562.74
2018,3301157,Cardoso Moreira - RJ,279271,12826,21773.82
2019,3301157,Cardoso Moreira - RJ,294027,12823,22929.66
2020,3301157,Cardoso Moreira - RJ,353586,12821,27578.66
2021,3301157,Cardoso Moreira - RJ,395476,12818,30853.18
2002,3301207,Carmo - RJ,96129,15453,6220.73
2003,3301207,Carmo - RJ,106991,15529,6889.75
2004,3301207,Carmo - RJ,122816,15689,7828.16
2005,3301207,Carmo - RJ,136675,15778,8662.38
2006,3301207,Carmo - RJ,129663,15866,8172.38
2008,3301207,Carmo - RJ,209234,17784,11765.29
2009,3301207,Carmo - RJ,231252,18024,12830.23
2011,3301207,Carmo - RJ,271974,17599,15453.95
2012,3301207,Carmo - RJ,304691,17758,17157.96
2013,3301207,Carmo - RJ,349826,17944,19495.43
2014,3301207,Carmo - RJ,355383,18074,19662.66
2015,3301207,Carmo - RJ,393923,18200,21644.12
2016,3301207,Carmo - RJ,466417,18322,25456.66
2017,3301207,Carmo - RJ,416980,18264,22830.71
2018,3301207,Carmo - RJ,456038,18755,24315.54
2019,3301207,Carmo - RJ,470439,18895,24897.54
2020,3301207,Carmo - RJ,581549,19030,30559.59
2021,3301207,Carmo - RJ,561273,19161,29292.47
2002,3301306,Casimiro de Abreu - RJ,457488,23526,19446.06
2003,3301306,Casimiro de Abreu - RJ,473356,24164,19589.31
2004,3301306,Casimiro de Abreu - RJ,564605,25502,22139.64
2005,3301306,Casimiro de Abreu - RJ,1639175,26243,62461.42
2006,3301306,Casimiro de Abreu - RJ,2153396,26978,79820.45
2008,3301306,Casimiro de Abreu - RJ,2260272,29811,75820.07
2009,3301306,Casimiro de Abreu - RJ,1637119,30572,53549.62
2011,3301306,Casimiro de Abreu - RJ,3068812,36360,84400.77
2012,3301306,Casimiro de Abreu - RJ,4114514,37340,110190.52
2013,3301306,Casimiro de Abreu - RJ,4050273,38492,105223.76
2014,3301306,Casimiro de Abreu - RJ,3598889,39414,91309.92
2015,3301306,Casimiro de Abreu - RJ,1976829,40305,49046.74
2016,3301306,Casimiro de Abreu - RJ,1140072,41167,27693.83
2017,3301306,Casimiro de Abreu - RJ,1371161,41999,32647.47
2018,3301306,Casimiro de Abreu - RJ,2187857,43295,50533.71
2019,3301306,Casimiro de Abreu - RJ,2062389,44184,46677.28
2020,3301306,Casimiro de Abreu - RJ,1582755,45041,35140.32
2021,3301306,Casimiro de Abreu - RJ,2352145,45864,51285.21
2002,3301405,Conceição de Macabu - RJ,89102,18926,4707.92
2003,3301405,Conceição de Macabu - RJ,92653,19101,4850.69
2004,3301405,Conceição de Macabu - RJ,102685,19469,5274.28
2005,3301405,Conceição de Macabu - RJ,110475,19674,5615.28
2006,3301405,Conceição de Macabu - RJ,119699,19875,6022.59
2008,3301405,Conceição de Macabu - RJ,161829,20505,7892.17
2009,3301405,Conceição de Macabu - RJ,155110,20687,7497.95
2011,3301405,Conceição de Macabu - RJ,201648,21416,9415.76
2012,3301405,Conceição de Macabu - RJ,230196,21613,10650.81
2013,3301405,Conceição de Macabu - RJ,262468,21844,12015.56
2014,3301405,Conceição de Macabu - RJ,272138,22006,12366.54
2015,3301405,Conceição de Macabu - RJ,303081,22163,13675.09
2016,3301405,Conceição de Macabu - RJ,332183,22315,14886.09
2017,3301405,Conceição de Macabu - RJ,321641,22461,14319.98
2018,3301405,Conceição de Macabu - RJ,355204,23064,15400.80
2019,3301405,Conceição de Macabu - RJ,376627,23228,16214.35
2020,3301405,Conceição de Macabu - RJ,420666,23398,17978.72
2021,3301405,Conceição de Macabu - RJ,434135,23561,18426.00
2002,3301504,Cordeiro - RJ,96381,18992,5074.82
2003,3301504,Cordeiro - RJ,99829,19173,5206.75
2004,3301504,Cordeiro - RJ,123411,19553,6311.61
2005,3301504,Cordeiro - RJ,119553,19764,6049.03
2006,3301504,Cordeiro - RJ,148823,19973,7451.21
2008,3301504,Cordeiro - RJ,179708,19797,9077.54
2009,3301504,Cordeiro - RJ,183452,19902,9217.77
2011,3301504,Cordeiro - RJ,223501,20571,10864.86
2012,3301504,Cordeiro - RJ,249281,20707,12038.49
2013,3301504,Cordeiro - RJ,290832,20863,13940.09
2014,3301504,Cordeiro - RJ,316893,20965,15115.34
2015,3301504,Cordeiro - RJ,342590,21063,16265.01
2016,3301504,Cordeiro - RJ,345983,21158,16352.35
2017,3301504,Cordeiro - RJ,463597,21250,21816.33
2018,3301504,Cordeiro - RJ,508060,21806,23299.09
2019,3301504,Cordeiro - RJ,398691,21926,18183.48
2020,3301504,Cordeiro - RJ,414304,22041,18796.97
2021,3301504,Cordeiro - RJ,456168,22152,20592.63
2002,3301603,Duas Barras - RJ,55991,10431,5367.75
2003,3301603,Duas Barras - RJ,60753,10475,5799.81
2004,3301603,Duas Barras - RJ,68860,10569,6515.28
2005,3301603,Duas Barras - RJ,65054,10622,6124.46
2006,3301603,Duas Barras - RJ,82045,10673,7687.15
2008,3301603,Duas Barras - RJ,122793,10848,11319.41
2009,3301603,Duas Barras - RJ,105167,10891,9656.32
2011,3301603,Duas Barras - RJ,141016,10976,12847.67
2012,3301603,Duas Barras - RJ,147019,11020,13341.11
2013,3301603,Duas Barras - RJ,184965,11070,16708.67
2014,3301603,Duas Barras - RJ,197561,11096,17804.70
2015,3301603,Duas Barras - RJ,202597,11121,18217.52
2016,3301603,Duas Barras - RJ,233633,11145,20963.03
2017,3301603,Duas Barras - RJ,194384,11169,17403.89
2018,3301603,Duas Barras - RJ,210017,11454,18335.69
2019,3301603,Duas Barras - RJ,214616,11492,18675.25
2020,3301603,Duas Barras - RJ,239246,11528,20753.47
2021,3301603,Duas Barras - RJ,249214,11563,21552.71
2002,3301702,Duque de Caxias - RJ,8129147,798103,10185.59
2003,3301702,Duque de Caxias - RJ,10649182,808614,13169.67
2004,3301702,Duque de Caxias - RJ,12869592,830679,15492.86
2005,3301702,Duque de Caxias - RJ,17653152,842890,20943.60
2006,3301702,Duque de Caxias - RJ,17248752,855010,20173.74
2008,3301702,Duque de Caxias - RJ,15453122,864392,17877.45
2009,3301702,Duque de Caxias - RJ,21000699,872762,24062.34
2011,3301702,Duque de Caxias - RJ,22237127,861158,25822.35
2012,3301702,Duque de Caxias - RJ,21548905,867067,24852.64
2013,3301702,Duque de Caxias - RJ,24855259,873921,28441.08
2014,3301702,Duque de Caxias - RJ,28862819,878402,32858.33
2015,3301702,Duque de Caxias - RJ,35294440,882729,39983.32
2016,3301702,Duque de Caxias - RJ,41539673,886917,46836.03
2017,3301702,Duque de Caxias - RJ,40904756,890997,45908.97
2018,3301702,Duque de Caxias - RJ,41581757,914383,45475.21
2019,3301702,Duque de Caxias - RJ,45373762,919596,49340.97
2020,3301702,Duque de Caxias - RJ,47194544,924624,51041.88
2021,3301702,Duque de Caxias - RJ,53136504,929449,57169.90
2002,3301801,Engenheiro Paulo de Frontin - RJ,67248,12186,5518.46
2003,3301801,Engenheiro Paulo de Frontin - RJ,91098,12196,7469.50
2004,3301801,Engenheiro Paulo de Frontin - RJ,96442,12217,7894.08
2005,3301801,Engenheiro Paulo de Frontin - RJ,91512,12229,7483.20
2006,3301801,Engenheiro Paulo de Frontin - RJ,110153,12240,8999.43
2008,3301801,Engenheiro Paulo de Frontin - RJ,102779,13127,7829.59
2009,3301801,Engenheiro Paulo de Frontin - RJ,155791,13214,11789.84
2011,3301801,Engenheiro Paulo de Frontin - RJ,166756,13324,12515.46
2012,3301801,Engenheiro Paulo de Frontin - RJ,178386,13408,13304.45
2013,3301801,Engenheiro Paulo de Frontin - RJ,180252,13505,13347.06
2014,3301801,Engenheiro Paulo de Frontin - RJ,222111,13566,16372.62
2015,3301801,Engenheiro Paulo de Frontin - RJ,248001,13626,18200.57
2016,3301801,Engenheiro Paulo de Frontin - RJ,259200,13521,19170.18
2017,3301801,Engenheiro Paulo de Frontin - RJ,248268,13576,18287.27
2018,3301801,Engenheiro Paulo de Frontin - RJ,264305,13929,18975.16
2019,3301801,Engenheiro Paulo de Frontin - RJ,251671,14002,17973.93
2020,3301801,Engenheiro Paulo de Frontin - RJ,272054,14071,19334.38
2021,3301801,Engenheiro Paulo de Frontin - RJ,406735,14138,28768.92
2002,3301850,Guapimirim - RJ,297176,40030,7423.83
2003,3301850,Guapimirim - RJ,380029,40994,9270.36
2004,3301850,Guapimirim - RJ,424022,43019,9856.62
2005,3301850,Guapimirim - RJ,434926,44139,9853.55
2006,3301850,Guapimirim - RJ,471906,45251,10428.63
2008,3301850,Guapimirim - RJ,511717,48688,10510.13
2009,3301850,Guapimirim - RJ,524205,49748,10537.21
2011,3301850,Guapimirim - RJ,610288,52522,11619.66
2012,3301850,Guapimirim - RJ,650721,53527,12156.87
2013,3301850,Guapimirim - RJ,722738,54706,13211.31
2014,3301850,Guapimirim - RJ,764537,55626,13744.24
2015,3301850,Guapimirim - RJ,824795,56515,14594.27
2016,3301850,Guapimirim - RJ,888163,57105,15553.16
2017,3301850,Guapimirim - RJ,921105,57921,15902.78
2018,3301850,Guapimirim - RJ,983893,59613,16504.67
2019,3301850,Guapimirim - RJ,1061591,60517,17542.03
2020,3301850,Guapimirim - RJ,1174793,61388,19137.18
2021,3301850,Guapimirim - RJ,1363992,62225,21920.32
2002,3301876,Iguaba Grande - RJ,100190,16680,6006.59
2003,3301876,Iguaba Grande - RJ,110973,17419,6370.80
2004,3301876,Iguaba Grande - RJ,127893,18969,6742.21
2005,3301876,Iguaba Grande - RJ,121630,19346,6287.09
2006,3301876,Iguaba Grande - RJ,131315,20177,6508.15
2008,3301876,Iguaba Grande - RJ,158206,22199,7126.72
2009,3301876,Iguaba Grande - RJ,191781,22947,8357.56
2011,3301876,Iguaba Grande - RJ,241084,23475,10269.82
2012,3301876,Iguaba Grande - RJ,293072,24079,12171.27
2013,3301876,Iguaba Grande - RJ,317326,24788,12801.60
2014,3301876,Iguaba Grande - RJ,361777,25354,14269.03
2015,3301876,Iguaba Grande - RJ,394993,25901,15250.11
2016,3301876,Iguaba Grande - RJ,426113,26430,16122.32
2017,3301876,Iguaba Grande - RJ,462238,26936,17160.60
2018,3301876,Iguaba Grande - RJ,489370,27762,17627.33
2019,3301876,Iguaba Grande - RJ,537136,28310,18973.37
2020,3301876,Iguaba Grande - RJ,565912,28837,19624.51
2021,3301876,Iguaba Grande - RJ,631393,29344,21516.94
2002,3301900,Itaboraí - RJ,1103487,197016,5601.00
2003,3301900,Itaboraí - RJ,1081630,201443,5369.41
2004,3301900,Itaboraí - RJ,1205837,210735,5722.05
2005,3301900,Itaboraí - RJ,1259557,215877,5834.60
2006,3301900,Itaboraí - RJ,1367394,220981,6187.84
2008,3301900,Itaboraí - RJ,1886977,225309,8375.06
2009,3301900,Itaboraí - RJ,2034731,228996,8885.44
2011,3301900,Itaboraí - RJ,2953615,220352,13404.08
2012,3301900,Itaboraí - RJ,4178846,222618,18771.38
2013,3301900,Itaboraí - RJ,5019667,225263,22283.58
2014,3301900,Itaboraí - RJ,5053066,227168,22243.74
2015,3301900,Itaboraí - RJ,4312980,229007,18833.40
2016,3301900,Itaboraí - RJ,4350443,230786,18850.55
2017,3301900,Itaboraí - RJ,4186706,232394,18015.55
2018,3301900,Itaboraí - RJ,4486979,238695,18797.96
2019,3301900,Itaboraí - RJ,4933377,240592,20505.16
2020,3301900,Itaboraí - RJ,5422086,242543,22355.15
2021,3301900,Itaboraí - RJ,5640678,244416,23078.19
2002,3302007,Itaguaí - RJ,2016888,85918,23474.57
2003,3302007,Itaguaí - RJ,2064457,87736,23530.33
2004,3302007,Itaguaí - RJ,2155618,91551,23545.54
2005,3302007,Itaguaí - RJ,1920057,93662,20499.85
2006,3302007,Itaguaí - RJ,1975048,95757,20625.63
2008,3302007,Itaguaí - RJ,3828929,103515,36989.12
2009,3302007,Itaguaí - RJ,3463692,105633,32789.87
2011,3302007,Itaguaí - RJ,5221605,111171,46969.13
2012,3302007,Itaguaí - RJ,6126207,113182,54127.04
2013,3302007,Itaguaí - RJ,6989537,115542,60493.47
2014,3302007,Itaguaí - RJ,7930534,117374,67566.36
2015,3302007,Itaguaí - RJ,7401614,119143,62123.78
2016,3302007,Itaguaí - RJ,7861566,120855,65049.57
2017,3302007,Itaguaí - RJ,7568805,122369,61852.31
2018,3302007,Itaguaí - RJ,8061179,125913,64021.82
2019,3302007,Itaguaí - RJ,7950438,133019,59769.19
2020,3302007,Itaguaí - RJ,8839470,134819,65565.46
2021,3302007,Itaguaí - RJ,10502682,136547,76916.24
2002,3302056,Italva - RJ,64421,12591,5116.43
2003,3302056,Italva - RJ,70430,12577,5599.90
2004,3302056,Italva - RJ,79651,12548,6347.70
2005,3302056,Italva - RJ,82972,12531,6621.34
2006,3302056,Italva - RJ,87145,12515,6963.24
2008,3302056,Italva - RJ,146743,14496,10123.00
2009,3302056,Italva - RJ,194368,14676,13243.94
2011,3302056,Italva - RJ,217329,14174,15332.93
2012,3302056,Italva - RJ,243515,14281,17051.68
2013,3302056,Italva - RJ,255849,14405,17761.12
2014,3302056,Italva - RJ,279816,14489,19312.31
2015,3302056,Italva - RJ,323089,14569,22176.47
2016,3302056,Italva - RJ,330552,14647,22567.90
2017,3302056,Italva - RJ,327528,14723,22246.01
2018,3302056,Italva - RJ,306436,15113,20276.32
2019,3302056,Italva - RJ,331482,15207,21797.99
2020,3302056,Italva - RJ,390584,15299,25530.03
2021,3302056,Italva - RJ,418759,15387,27215.12
2002,3302106,Itaocara - RJ,129675,23018,5633.63
2003,3302106,Itaocara - RJ,136355,23025,5922.04
2004,3302106,Itaocara - RJ,151549,23039,6577.93
2005,3302106,Itaocara - RJ,179522,23047,7789.39
2006,3302106,Itaocara - RJ,193149,23055,8377.75
2008,3302106,Itaocara - RJ,248521,22522,11034.59
2009,3302106,Itaocara - RJ,231610,22452,10315.78
2011,3302106,Itaocara - RJ,305971,22892,13365.85
2012,3302106,Itaocara - RJ,335937,22884,14679.99
2013,3302106,Itaocara - RJ,394498,22870,17249.58
2014,3302106,Itaocara - RJ,1024007,22824,44865.36
2015,3302106,Itaocara - RJ,496245,22779,21785.20
2016,3302106,Itaocara - RJ,502289,22736,22092.23
2017,3302106,Itaocara - RJ,503244,22694,22175.20
2018,3302106,Itaocara - RJ,542765,23247,23347.74
2019,3302106,Itaocara - RJ,552491,23234,23779.42
2020,3302106,Itaocara - RJ,632049,23222,27217.68
2021,3302106,Itaocara - RJ,635888,23211,27395.98
2002,3302205,Itaperuna - RJ,569448,88555,6430.44
2003,3302205,Itaperuna - RJ,677575,89406,7578.63
2004,3302205,Itaperuna - RJ,717821,91194,7871.36
2005,3302205,Itaperuna - RJ,1082421,92183,11742.09
2006,3302205,Itaperuna - RJ,1107811,93165,11890.85
2008,3302205,Itaperuna - RJ,1069494,98347,10874.70
2009,3302205,Itaperuna - RJ,1201191,99454,12077.86
2011,3302205,Itaperuna - RJ,1551919,96542,16075.07
2012,3302205,Itaperuna - RJ,1798100,97219,18495.36
2013,3302205,Itaperuna - RJ,1907443,98004,19462.91
2014,3302205,Itaperuna - RJ,2198577,98521,22315.82
2015,3302205,Itaperuna - RJ,2374806,99021,23982.85
2016,3302205,Itaperuna - RJ,2519720,99504,25322.80
2017,3302205,Itaperuna - RJ,2705960,99997,27060.41
2018,3302205,Itaperuna - RJ,2793922,102626,27224.31
2019,3302205,Itaperuna - RJ,3103972,103224,30070.25
2020,3302205,Itaperuna - RJ,3315705,103800,31943.21
2021,3302205,Itaperuna - RJ,3394940,104354,32532.92
2002,3302254,Itatiaia - RJ,703885,26562,26499.70
2003,3302254,Itatiaia - RJ,723912,27409,26411.47
2004,3302254,Itatiaia - RJ,1054441,29185,36129.55
2005,3302254,Itatiaia - RJ,942246,30168,31233.29
2006,3302254,Itatiaia - RJ,917344,31144,29454.92
2008,3302254,Itatiaia - RJ,1033216,34595,29866.05
2009,3302254,Itatiaia - RJ,1153107,35577,32411.59
2011,3302254,Itatiaia - RJ,1983051,29094,68160.14
2012,3302254,Itatiaia - RJ,2413165,29394,82097.20
2013,3302254,Itatiaia - RJ,2645466,29744,88941.16
2014,3302254,Itatiaia - RJ,3276893,29996,109244.33
2015,3302254,Itatiaia - RJ,3571717,30240,118112.33
2016,3302254,Itatiaia - RJ,3604719,30475,118284.46
2017,3302254,Itatiaia - RJ,4363453,30703,142118.13
2018,3302254,Itatiaia - RJ,4981040,31537,157942.73
2019,3302254,Itatiaia - RJ,4474511,31805,140685.77
2020,3302254,Itatiaia - RJ,4586151,32064,143031.16
2021,3302254,Itatiaia - RJ,6893408,32312,213338.95
2002,3302270,Japeri - RJ,282156,86959,3244.70
2003,3302270,Japeri - RJ,299434,88668,3377.02
2004,3302270,Japeri - RJ,356011,92254,3859.03
2005,3302270,Japeri - RJ,390406,94239,4142.72
2006,3302270,Japeri - RJ,418218,96209,4346.97
2008,3302270,Japeri - RJ,514457,100055,5141.74
2009,3302270,Japeri - RJ,604088,101690,5940.49
2011,3302270,Japeri - RJ,747305,96430,7749.71
2012,3302270,Japeri - RJ,835100,97337,8579.47
2013,3302270,Japeri - RJ,988694,98393,10048.42
2014,3302270,Japeri - RJ,1105726,99141,11153.06
2015,3302270,Japeri - RJ,1323637,99863,13254.53
2016,3302270,Japeri - RJ,1293084,100562,12858.57
2017,3302270,Japeri - RJ,1615656,101237,15959.15
2018,3302270,Japeri - RJ,1445448,103960,13903.89
2019,3302270,Japeri - RJ,1437700,104768,13722.70
2020,3302270,Japeri - RJ,1460760,105548,13839.77
2021,3302270,Japeri - RJ,1530183,106296,14395.49
2002,3302304,Laje do Muriaé - RJ,39363,8003,4918.53
2003,3302304,Laje do Muriaé - RJ,41080,8046,5105.64
2004,3302304,Laje do Muriaé - RJ,44631,8137,5484.95
2005,3302304,Laje do Muriaé - RJ,51449,8188,6283.46
2006,3302304,Laje do Muriaé - RJ,58878,8238,7147.12
2008,3302304,Laje do Muriaé - RJ,104760,7996,13101.55
2009,3302304,Laje do Muriaé - RJ,73559,7997,9198.32
2011,3302304,Laje do Muriaé - RJ,96479,7455,12941.52
2012,3302304,Laje do Muriaé - RJ,105473,7424,14207.03
2013,3302304,Laje do Muriaé - RJ,121809,7385,16494.11
2014,3302304,Laje do Muriaé - RJ,126637,7341,17250.65
2015,3302304,Laje do Muriaé - RJ,125892,7298,17250.21
2016,3302304,Laje do Muriaé - RJ,132346,7257,18237.01
2017,3302304,Laje do Muriaé - RJ,133935,7217,18558.27
2018,3302304,Laje do Muriaé - RJ,137864,7386,18665.58
2019,3302304,Laje do Muriaé - RJ,151483,7355,20595.92
2020,3302304,Laje do Muriaé - RJ,166433,7326,22718.13
2021,3302304,Laje do Muriaé - RJ,184160,7298,25234.31
2002,3302403,Macaé - RJ,5053422,140466,35976.12
2003,3302403,Macaé - RJ,5529158,144207,38341.81
2004,3302403,Macaé - RJ,6494326,152063,42708.13
2005,3302403,Macaé - RJ,7490361,156410,47889.27
2006,3302403,Macaé - RJ,8547706,160725,53182.18
2008,3302403,Macaé - RJ,13962339,188787,73958.16
2009,3302403,Macaé - RJ,11954652,194413,61491.01
2011,3302403,Macaé - RJ,14565895,212433,68567.01
2012,3302403,Macaé - RJ,17165912,217951,78760.42
2013,3302403,Macaé - RJ,19032651,224442,84799.86
2014,3302403,Macaé - RJ,21419170,229624,93279.32
2015,3302403,Macaé - RJ,19671569,234628,83841.52
2016,3302403,Macaé - RJ,17571148,239471,73374.85
2017,3302403,Macaé - RJ,15378420,244139,62990.43
2018,3302403,Macaé - RJ,15435162,251631,61340.46
2019,3302403,Macaé - RJ,15102699,256672,58840.46
2020,3302403,Macaé - RJ,15357697,261501,58729.02
2021,3302403,Macaé - RJ,17746787,266136,66683.15
2002,3302452,Macuco - RJ,34349,4749,7232.89
2003,3302452,Macuco - RJ,39330,4685,8394.88
2004,3302452,Macuco - RJ,45915,4552,10086.78
2005,3302452,Macuco - RJ,50881,4478,11362.44
2006,3302452,Macuco - RJ,52883,4405,12005.22
2008,3302452,Macuco - RJ,74042,5561,13314.51
2009,3302452,Macuco - RJ,75236,5626,13372.91
2011,3302452,Macuco - RJ,99525,5299,18781.85
2012,3302452,Macuco - RJ,102990,5327,19333.58
2013,3302452,Macuco - RJ,112977,5360,21077.80
2014,3302452,Macuco - RJ,126245,5380,23465.61
2015,3302452,Macuco - RJ,133435,5398,24719.34
2016,3302452,Macuco - RJ,153751,5417,28383.05
2017,3302452,Macuco - RJ,160915,5434,29612.62
2018,3302452,Macuco - RJ,153568,5574,27550.77
2019,3302452,Macuco - RJ,169810,5599,30328.63
2020,3302452,Macuco - RJ,198807,5623,35356.04
2021,3302452,Macuco - RJ,214870,5646,38057.03
2002,3302502,Magé - RJ,1071306,214703,4989.71
2003,3302502,Magé - RJ,1211931,218821,5538.46
2004,3302502,Magé - RJ,1316061,227467,5785.72
2005,3302502,Magé - RJ,1379585,232251,5940.06
2006,3302502,Magé - RJ,1482722,237000,6256.21
2008,3302502,Magé - RJ,1815329,240940,7534.36
2009,3302502,Magé - RJ,2499684,244334,10230.60
2011,3302502,Magé - RJ,2574308,228972,11242.89
2012,3302502,Magé - RJ,2822809,230568,12242.85
2013,3302502,Magé - RJ,3031457,232419,13043.07
2014,3302502,Magé - RJ,3289175,233634,14078.32
2015,3302502,Magé - RJ,3573400,234809,15218.33
2016,3302502,Magé - RJ,3684860,236319,15592.74
2017,3302502,Magé - RJ,3856684,237420,16244.14
2018,3302502,Magé - RJ,3902085,243657,16014.66
2019,3302502,Magé - RJ,4256201,245071,17367.22
2020,3302502,Magé - RJ,4442847,246433,18028.62
2021,3302502,Magé - RJ,4765781,247741,19236.95
2002,3302601,Mangaratiba - RJ,863988,26369,32765.29
2003,3302601,Mangaratiba - RJ,681623,27050,25198.63
2004,3302601,Mangaratiba - RJ,1736223,28480,60962.89
2005,3302601,Mangaratiba - RJ,1540650,29272,52632.21
2006,3302601,Mangaratiba - RJ,1278513,30057,42536.28
2008,3302601,Mangaratiba - RJ,1745799,31848,54816.60
2009,3302601,Mangaratiba - RJ,1728801,32533,53139.92
2011,3302601,Mangaratiba - RJ,1925088,37343,51551.51
2012,3302601,Mangaratiba - RJ,2513982,38201,65809.32
2013,3302601,Mangaratiba - RJ,2712628,39210,69182.05
2014,3302601,Mangaratiba - RJ,3011898,40008,75282.39
2015,3302601,Mangaratiba - RJ,3699337,40779,90716.72
2016,3302601,Mangaratiba - RJ,3852890,41557,92713.38
2017,3302601,Mangaratiba - RJ,3601509,42415,84911.21
2018,3302601,Mangaratiba - RJ,3596423,43689,82318.73
2019,3302601,Mangaratiba - RJ,2473488,44468,55624.00
2020,3302601,Mangaratiba - RJ,2643257,45220,58453.27
2021,3302601,Mangaratiba - RJ,3211861,45941,69912.74
2002,3302700,Maricá - RJ,512249,83090,6164.99
2003,3302700,Maricá - RJ,583665,86038,6783.80
2004,3302700,Maricá - RJ,571598,92227,6197.73
2005,3302700,Maricá - RJ,577303,95653,6035.39
2006,3302700,Maricá - RJ,649167,99052,6553.80
2008,3302700,Maricá - RJ,877997,119231,7363.83
2009,3302700,Maricá - RJ,980048,123492,7936.13
2011,3302700,Maricá - RJ,3284146,131355,25002.06
2012,3302700,Maricá - RJ,6970531,135121,51587.33
2013,3302700,Maricá - RJ,7198531,139552,51583.14
2014,3302700,Maricá - RJ,9757408,143111,68180.70
2015,3302700,Maricá - RJ,9576205,146549,65344.73
2016,3302700,Maricá - RJ,5854082,149876,39059.50
2017,3302700,Maricá - RJ,11456251,153008,74873.54
2018,3302700,Maricá - RJ,26982734,157789,171005.17
2019,3302700,Maricá - RJ,37524886,161207,232774.54
2020,3302700,Maricá - RJ,35618819,164504,216522.51
2021,3302700,Maricá - RJ,85814188,167668,511810.17
2002,3302809,Mendes - RJ,89630,17434,5141.10
2003,3302809,Mendes - RJ,95354,17502,5448.18
2004,3302809,Mendes - RJ,103685,17644,5876.50
2005,3302809,Mendes - RJ,103127,17722,5819.15
2006,3302809,Mendes - RJ,109882,17800,6173.15
2008,3302809,Mendes - RJ,157500,17839,8828.97
2009,3302809,Mendes - RJ,144766,17880,8096.53
2011,3302809,Mendes - RJ,181483,17981,10093.04
2012,3302809,Mendes - RJ,207202,18024,11495.89
2013,3302809,Mendes - RJ,230295,18072,12743.19
2014,3302809,Mendes - RJ,243981,18086,13490.05
2015,3302809,Mendes - RJ,262980,18099,14530.08
2016,3302809,Mendes - RJ,292162,18111,16131.74
2017,3302809,Mendes - RJ,299499,18123,16525.91
2018,3302809,Mendes - RJ,324100,18578,17445.37
2019,3302809,Mendes - RJ,350314,18614,18819.92
2020,3302809,Mendes - RJ,366145,18648,19634.55
2021,3302809,Mendes - RJ,357688,18681,19147.15
2002,3302858,Mesquita - RJ,596002,171438,3476.49
2003,3302858,Mesquita - RJ,630284,174045,3621.39
2004,3302858,Mesquita - RJ,724598,179517,4036.38
2005,3302858,Mesquita - RJ,795563,182546,4358.15
2006,3302858,Mesquita - RJ,917924,185552,4946.99
2008,3302858,Mesquita - RJ,1148103,187949,6108.59
2009,3302858,Mesquita - RJ,1273477,190056,6700.54
2011,3302858,Mesquita - RJ,1460723,168966,8645.07
2012,3302858,Mesquita - RJ,1588759,169537,9371.16
2013,3302858,Mesquita - RJ,1881676,170185,11056.65
2014,3302858,Mesquita - RJ,2013252,170473,11809.80
2015,3302858,Mesquita - RJ,2074804,170751,12151.05
2016,3302858,Mesquita - RJ,2287035,171020,13372.91
2017,3302858,Mesquita - RJ,2313400,171280,13506.54
2018,3302858,Mesquita - RJ,2261961,175620,12879.86
2019,3302858,Mesquita - RJ,2319747,176103,13172.67
2020,3302858,Mesquita - RJ,2530494,176569,14331.47
2021,3302858,Mesquita - RJ,2619212,177016,14796.47
2002,3302908,Miguel Pereira - RJ,165510,24840,6663.04
2003,3302908,Miguel Pereira - RJ,215517,25275,8526.88
2004,3302908,Miguel Pereira - RJ,251534,26188,9604.93
2005,3302908,Miguel Pereira - RJ,226827,26694,8497.30
2006,3302908,Miguel Pereira - RJ,314318,27195,11557.93
2008,3302908,Miguel Pereira - RJ,337069,25704,13113.48
2009,3302908,Miguel Pereira - RJ,399266,25866,15435.94
2011,3302908,Miguel Pereira - RJ,436137,24699,17658.08
2012,3302908,Miguel Pereira - RJ,496477,24754,20056.44
2013,3302908,Miguel Pereira - RJ,583916,24815,23530.77
2014,3302908,Miguel Pereira - RJ,644125,24829,25942.45
2015,3302908,Miguel Pereira - RJ,650016,24842,26166.01
2016,3302908,Miguel Pereira - RJ,681750,24855,27429.09
2017,3302908,Miguel Pereira - RJ,654041,24871,26297.33
2018,3302908,Miguel Pereira - RJ,589782,25493,23135.06
2019,3302908,Miguel Pereira - RJ,614767,25538,24072.64
2020,3302908,Miguel Pereira - RJ,595210,25581,23267.66
2021,3302908,Miguel Pereira - RJ,632498,25622,24685.74
2002,3303005,Miracema - RJ,141745,27479,5158.30
2003,3303005,Miracema - RJ,142719,27672,5157.52
2004,3303005,Miracema - RJ,153123,28076,5453.88
2005,3303005,Miracema - RJ,162961,28300,5758.34
2006,3303005,Miracema - RJ,172978,28522,6064.72
2008,3303005,Miracema - RJ,244419,26868,9097.03
2009,3303005,Miracema - RJ,231670,26824,8636.67
2011,3303005,Miracema - RJ,278715,26827,10389.35
2012,3303005,Miracema - RJ,311800,26810,11629.99
2013,3303005,Miracema - RJ,352783,26786,13170.42
2014,3303005,Miracema - RJ,390588,26724,14615.63
2015,3303005,Miracema - RJ,452755,26665,16979.37
2016,3303005,Miracema - RJ,473871,26607,17810.01
2017,3303005,Miracema - RJ,490113,26551,18459.30
2018,3303005,Miracema - RJ,529860,27195,19483.73
2019,3303005,Miracema - RJ,570590,27174,20997.64
2020,3303005,Miracema - RJ,635748,27154,23412.68
2021,3303005,Miracema - RJ,662180,27134,24404.07
2002,3303104,Natividade - RJ,84007,15227,5516.98
2003,3303104,Natividade - RJ,88830,15275,5815.38
2004,3303104,Natividade - RJ,96276,15375,6261.85
2005,3303104,Natividade - RJ,110242,15430,7144.65
2006,3303104,Natividade - RJ,112123,15485,7240.75
2008,3303104,Natividade - RJ,172442,15392,11203.35
2009,3303104,Natividade - RJ,155875,15406,10117.81
2011,3303104,Natividade - RJ,163962,15079,10873.53
2012,3303104,Natividade - RJ,189992,15076,12602.28
2013,3303104,Natividade - RJ,222117,15069,14740.00
2014,3303104,Natividade - RJ,240135,15040,15966.42
2015,3303104,Natividade - RJ,223271,15013,14871.84
2016,3303104,Natividade - RJ,250928,14986,16744.16
2017,3303104,Natividade - RJ,246256,14960,16460.96
2018,3303104,Natividade - RJ,280723,15324,18319.17
2019,3303104,Natividade - RJ,297785,15317,19441.47
2020,3303104,Natividade - RJ,322586,15311,21068.90
2021,3303104,Natividade - RJ,324261,15305,21186.61
2002,3303203,Nilópolis - RJ,773204,152790,5060.57
2003,3303203,Nilópolis - RJ,810386,152363,5318.78
2004,3303203,Nilópolis - RJ,880150,151465,5810.91
2005,3303203,Nilópolis - RJ,985733,150968,6529.42
2006,3303203,Nilópolis - RJ,1052354,150475,6993.55
2008,3303203,Nilópolis - RJ,1295386,159005,8146.83
2009,3303203,Nilópolis - RJ,1544660,159408,9689.98
2011,3303203,Nilópolis - RJ,1795090,157710,11382.22
2012,3303203,Nilópolis - RJ,1980519,157986,12536.04
2013,3303203,Nilópolis - RJ,2518016,158288,15907.81
2014,3303203,Nilópolis - RJ,2379969,158299,15034.64
2015,3303203,Nilópolis - RJ,2515632,158309,15890.64
2016,3303203,Nilópolis - RJ,2541272,158319,16051.59
2017,3303203,Nilópolis - RJ,2644231,158329,16700.86
2018,3303203,Nilópolis - RJ,2803408,162269,17276.30
2019,3303203,Nilópolis - RJ,2911667,162485,17919.60
2020,3303203,Nilópolis - RJ,2985431,162693,18350.09
2021,3303203,Nilópolis - RJ,3059459,162893,18782.02
2002,3303302,Niterói - RJ,5457049,464353,11751.94
2003,3303302,Niterói - RJ,5998265,466628,12854.49
2004,3303302,Niterói - RJ,7109460,471403,15081.49
2005,3303302,Niterói - RJ,7296623,474046,15392.23
2006,3303302,Niterói - RJ,7897272,476669,16567.62
2008,3303302,Niterói - RJ,9726720,477912,20352.53
2009,3303302,Niterói - RJ,10976560,479384,22897.22
2011,3303302,Niterói - RJ,15346089,489720,31336.46
2012,3303302,Niterói - RJ,17699829,491807,35989.38
2013,3303302,Niterói - RJ,20048694,494200,40567.98
2014,3303302,Niterói - RJ,24642144,495470,49734.89
2015,3303302,Niterói - RJ,25496901,496696,51333.01
2016,3303302,Niterói - RJ,23019309,497883,46234.37
2017,3303302,Niterói - RJ,27489576,499028,55086.24
2018,3303302,Niterói - RJ,40376961,511786,78894.23
2019,3303302,Niterói - RJ,46549869,513584,90637.30
2020,3303302,Niterói - RJ,40975718,515317,79515.56
2021,3303302,Niterói - RJ,66345488,516981,128332.55
2002,3303401,Nova Friburgo - RJ,1395273,174751,7984.35
2003,3303401,Nova Friburgo - RJ,1557562,175370,8881.58
2004,3303401,Nova Friburgo - RJ,1666849,176669,9434.87
2005,3303401,Nova Friburgo - RJ,1678750,177388,9463.72
2006,3303401,Nova Friburgo - RJ,1889999,178102,10611.89
2008,3303401,Nova Friburgo - RJ,2246195,178310,12597.13
2009,3303401,Nova Friburgo - RJ,2503182,178653,14011.42
2011,3303401,Nova Friburgo - RJ,3036478,182748,16615.66
2012,3303401,Nova Friburgo - RJ,3423564,183391,18668.11
2013,3303401,Nova Friburgo - RJ,3738923,184122,20306.77
2014,3303401,Nova Friburgo - RJ,4081021,184460,22124.15
2015,3303401,Nova Friburgo - RJ,4478153,184786,24234.27
2016,3303401,Nova Friburgo - RJ,4802421,185102,25944.73
2017,3303401,Nova Friburgo - RJ,5015569,185381,27055.46
2018,3303401,Nova Friburgo - RJ,5243798,190084,27586.74
2019,3303401,Nova Friburgo - RJ,5359697,190631,28115.56
2020,3303401,Nova Friburgo - RJ,5683088,191158,29729.79
2021,3303401,Nova Friburgo - RJ,6324877,191664,32999.82
2002,3303500,Nova Iguaçu - RJ,4238111,780343,5431.09
2003,3303500,Nova Iguaçu - RJ,4605916,792208,5814.02
2004,3303500,Nova Iguaçu - RJ,5072722,817117,6208.07
2005,3303500,Nova Iguaçu - RJ,5415757,830902,6517.93
2006,3303500,Nova Iguaçu - RJ,6191894,844583,7331.30
2008,3303500,Nova Iguaçu - RJ,8558636,855500,10004.25
2009,3303500,Nova Iguaçu - RJ,9210118,865089,10646.44
2011,3303500,Nova Iguaçu - RJ,11127461,799047,13925.92
2012,3303500,Nova Iguaçu - RJ,11822534,801746,14745.98
2013,3303500,Nova Iguaçu - RJ,13214908,804815,16419.81
2014,3303500,Nova Iguaçu - RJ,14716568,806177,18254.76
2015,3303500,Nova Iguaçu - RJ,15888289,807492,19676.09
2016,3303500,Nova Iguaçu - RJ,16068662,797435,20150.43
2017,3303500,Nova Iguaçu - RJ,16836919,798647,21081.80
2018,3303500,Nova Iguaçu - RJ,16869469,818875,20600.79
2019,3303500,Nova Iguaçu - RJ,17423436,821128,21218.90
2020,3303500,Nova Iguaçu - RJ,17210824,823302,20904.63
2021,3303500,Nova Iguaçu - RJ,17794452,825388,21558.89
2002,3303609,Paracambi - RJ,232242,41327,5619.62
2003,3303609,Paracambi - RJ,252601,41722,6054.38
2004,3303609,Paracambi - RJ,275513,42552,6474.74
2005,3303609,Paracambi - RJ,275198,43011,6398.32
2006,3303609,Paracambi - RJ,294825,43467,6782.73
2008,3303609,Paracambi - RJ,345415,44629,7739.70
2009,3303609,Paracambi - RJ,390898,45016,8683.53
2011,3303609,Paracambi - RJ,491675,47635,10321.72
2012,3303609,Paracambi - RJ,544004,48129,11303.04
2013,3303609,Paracambi - RJ,597543,48705,12268.62
2014,3303609,Paracambi - RJ,691579,49120,14079.38
2015,3303609,Paracambi - RJ,857688,49521,17319.68
2016,3303609,Paracambi - RJ,959699,50071,19166.76
2017,3303609,Paracambi - RJ,893120,50447,17704.13
2018,3303609,Paracambi - RJ,976701,51815,18849.77
2019,3303609,Paracambi - RJ,986925,52257,18885.99
2020,3303609,Paracambi - RJ,1001272,52683,19005.60
2021,3303609,Paracambi - RJ,1162875,53093,21902.60
2002,3303708,Paraíba do Sul - RJ,240768,38144,6312.08
2003,3303708,Paraíba do Sul - RJ,247529,38485,6431.83
2004,3303708,Paraíba do Sul - RJ,273790,39200,6984.44
2005,3303708,Paraíba do Sul - RJ,301009,39595,7602.20
2006,3303708,Paraíba do Sul - RJ,322290,39988,8059.67
2008,3303708,Paraíba do Sul - RJ,406655,41315,9842.79
2009,3303708,Paraíba do Sul - RJ,473418,41679,11358.67
2011,3303708,Paraíba do Sul - RJ,601272,41367,14535.06
2012,3303708,Paraíba do Sul - RJ,690215,41639,16576.17
2013,3303708,Paraíba do Sul - RJ,755801,41955,18014.56
2014,3303708,Paraíba do Sul - RJ,807971,42159,19164.85
2015,3303708,Paraíba do Sul - RJ,863598,42356,20389.04
2016,3303708,Paraíba do Sul - RJ,898724,42737,21029.18
2017,3303708,Paraíba do Sul - RJ,931266,42922,21696.71
2018,3303708,Paraíba do Sul - RJ,996588,44045,22626.59
2019,3303708,Paraíba do Sul - RJ,1005739,44285,22710.60
2020,3303708,Paraíba do Sul - RJ,1302214,44518,29251.40
2021,3303708,Paraíba do Sul - RJ,1253017,44741,28006.01
2002,3303807,Paraty - RJ,190403,30726,6196.80
2003,3303807,Paraty - RJ,206423,31274,6600.47
2004,3303807,Paraty - RJ,222609,32425,6865.35
2005,3303807,Paraty - RJ,239645,33062,7248.35
2006,3303807,Paraty - RJ,277356,33695,8231.37
2008,3303807,Paraty - RJ,531355,35182,15103.04
2009,3303807,Paraty - RJ,665969,35730,18638.93
2011,3303807,Paraty - RJ,1540612,38147,40386.19
2012,3303807,Paraty - RJ,2701023,38740,69721.81
2013,3303807,Paraty - RJ,3157541,39434,80071.54
2014,3303807,Paraty - RJ,3671118,39965,91858.33
2015,3303807,Paraty - RJ,2222637,40478,54909.75
2016,3303807,Paraty - RJ,1252001,40975,30555.24
2017,3303807,Paraty - RJ,1591755,41454,38398.10
2018,3303807,Paraty - RJ,2619607,42630,61449.85
2019,3303807,Paraty - RJ,2760234,43165,63946.11
2020,3303807,Paraty - RJ,1719490,43680,39365.61
2021,3303807,Paraty - RJ,1955280,44175,44262.14
2002,3303856,Paty do Alferes - RJ,125969,25738,4894.28
2003,3303856,Paty do Alferes - RJ,136739,26113,5236.43
2004,3303856,Paty do Alferes - RJ,160241,26899,5957.14
2005,3303856,Paty do Alferes - RJ,157474,27334,5761.10
2006,3303856,Paty do Alferes - RJ,191524,27766,6897.79
2008,3303856,Paty do Alferes - RJ,229506,26099,8793.67
2009,3303856,Paty do Alferes - RJ,237994,26196,9085.13
2011,3303856,Paty do Alferes - RJ,318567,26469,12035.48
2012,3303856,Paty do Alferes - RJ,340631,26575,12817.72
2013,3303856,Paty do Alferes - RJ,391092,26696,14649.84
2014,3303856,Paty do Alferes - RJ,415503,26758,15528.18
2015,3303856,Paty do Alferes - RJ,484175,26818,18054.11
2016,3303856,Paty do Alferes - RJ,497392,26939,18463.64
2017,3303856,Paty do Alferes - RJ,534908,26991,19818.01
2018,3303856,Paty do Alferes - RJ,545971,27678,19725.81
2019,3303856,Paty do Alferes - RJ,557462,27769,20074.98
2020,3303856,Paty do Alferes - RJ,639645,27858,22960.91
2021,3303856,Paty do Alferes - RJ,684851,27942,24509.73
2002,3303906,Petrópolis - RJ,2854461,293074,9739.73
2003,3303906,Petrópolis - RJ,2962578,296108,10005.06
2004,3303906,Petrópolis - RJ,3206301,302477,10600.15
2005,3303906,Petrópolis - RJ,3642394,306002,11903.17
2006,3303906,Petrópolis - RJ,4410371,310216,14217.10
2008,3303906,Petrópolis - RJ,5655397,312766,18081.88
2009,3303906,Petrópolis - RJ,6887228,315119,21855.96
2011,3303906,Petrópolis - RJ,9287903,296565,31318.27
2012,3303906,Petrópolis - RJ,9981675,297192,33586.62
2013,3303906,Petrópolis - RJ,9501646,297888,31896.71
2014,3303906,Petrópolis - RJ,11070793,298017,37148.19
2015,3303906,Petrópolis - RJ,11497016,298142,38562.22
2016,3303906,Petrópolis - RJ,12693830,298158,42574.17
2017,3303906,Petrópolis - RJ,12817939,298235,42979.33
2018,3303906,Petrópolis - RJ,12761259,305687,41746.16
2019,3303906,Petrópolis - RJ,13662993,306191,44622.45
2020,3303906,Petrópolis - RJ,15388292,306678,50177.36
2021,3303906,Petrópolis - RJ,15665370,307144,51003.34
2002,3303955,Pinheiral - RJ,87510,20487,4271.49
2003,3303955,Pinheiral - RJ,93564,20954,4465.21
2004,3303955,Pinheiral - RJ,108727,21933,4957.23
2005,3303955,Pinheiral - RJ,115969,22476,5159.68
2006,3303955,Pinheiral - RJ,127402,23014,5535.85
2008,3303955,Pinheiral - RJ,174889,22129,7903.16
2009,3303955,Pinheiral - RJ,177427,22382,7927.22
2011,3303955,Pinheiral - RJ,224940,22968,9793.63
2012,3303955,Pinheiral - RJ,245452,23208,10576.18
2013,3303955,Pinheiral - RJ,277742,23488,11824.85
2014,3303955,Pinheiral - RJ,294415,23691,12427.29
2015,3303955,Pinheiral - RJ,325219,23887,13614.90
2016,3303955,Pinheiral - RJ,382103,24076,15870.70
2017,3303955,Pinheiral - RJ,409247,24282,16853.92
2018,3303955,Pinheiral - RJ,526633,24941,21115.15
2019,3303955,Pinheiral - RJ,716240,25156,28471.94
2020,3303955,Pinheiral - RJ,777071,25364,30636.77
2021,3303955,Pinheiral - RJ,1452638,25563,56825.80
2002,3304003,Piraí - RJ,374270,22757,16446.37
2003,3304003,Piraí - RJ,482703,23054,20937.93
2004,3304003,Piraí - RJ,626803,23676,26474.19
2005,3304003,Piraí - RJ,610489,24021,25414.80
2006,3304003,Piraí - RJ,679152,24363,27876.37
2008,3304003,Piraí - RJ,793044,25762,30783.48
2009,3304003,Piraí - RJ,931169,26114,35657.85
2011,3304003,Piraí - RJ,1063179,26637,39913.62
2012,3304003,Piraí - RJ,1424869,26948,52874.76
2013,3304003,Piraí - RJ,1578737,27311,57805.90
2014,3304003,Piraí - RJ,1563986,27579,56709.31
2015,3304003,Piraí - RJ,1745385,27838,62697.93
2016,3304003,Piraí - RJ,1981325,28088,70539.91
2017,3304003,Piraí - RJ,1858360,28222,65847.92
2018,3304003,Piraí - RJ,1886912,28999,65068.17
2019,3304003,Piraí - RJ,2231565,29277,76222.46
2020,3304003,Piraí - RJ,2612517,29545,88425.01
2021,3304003,Piraí - RJ,2449973,29802,82208.34
2002,3304102,Porciúncula - RJ,80358,16245,4946.63
2003,3304102,Porciúncula - RJ,96576,16381,5895.61
2004,3304102,Porciúncula - RJ,143629,16666,8618.08
2005,3304102,Porciúncula - RJ,113531,16823,6748.56
2006,3304102,Porciúncula - RJ,130839,16980,7705.48
2008,3304102,Porciúncula - RJ,199928,18227,10968.78
2009,3304102,Porciúncula - RJ,201524,18444,10926.26
2011,3304102,Porciúncula - RJ,214953,17899,12009.22
2012,3304102,Porciúncula - RJ,231837,18034,12855.55
2013,3304102,Porciúncula - RJ,263140,18188,14467.78
2014,3304102,Porciúncula - RJ,271679,18293,14851.53
2015,3304102,Porciúncula - RJ,315757,18059,17484.74
2016,3304102,Porciúncula - RJ,317558,18156,17490.53
2017,3304102,Porciúncula - RJ,334102,18248,18308.97
2018,3304102,Porciúncula - RJ,350147,18730,18694.45
2019,3304102,Porciúncula - RJ,348627,18847,18497.74
2020,3304102,Porciúncula - RJ,417428,18960,22016.24
2021,3304102,Porciúncula - RJ,415943,19068,21813.67
2002,3304110,Porto Real - RJ,952266,13010,73194.93
2003,3304110,Porto Real - RJ,1251406,13435,93145.22
2004,3304110,Porto Real - RJ,2049477,14326,143059.96
2005,3304110,Porto Real - RJ,1779930,14820,120103.24
2006,3304110,Porto Real - RJ,1846948,15309,120644.59
2008,3304110,Porto Real - RJ,4034105,15879,254052.84
2009,3304110,Porto Real - RJ,3815676,16253,234767.49
2011,3304110,Porto Real - RJ,4546258,16938,268405.83
2012,3304110,Porto Real - RJ,4048765,17272,234412.05
2013,3304110,Porto Real - RJ,4512728,17663,255490.46
2014,3304110,Porto Real - RJ,3097650,17970,172378.96
2015,3304110,Porto Real - RJ,2804597,18266,153541.94
2016,3304110,Porto Real - RJ,2555768,18552,137762.40
2017,3304110,Porto Real - RJ,2858922,18829,151836.10
2018,3304110,Porto Real - RJ,2894247,19381,149334.24
2019,3304110,Porto Real - RJ,2424736,19683,123189.35
2020,3304110,Porto Real - RJ,2433344,19974,121825.57
2021,3304110,Porto Real - RJ,4245725,20254,209624.02
2002,3304128,Quatis - RJ,79071,11143,7096.02
2003,3304128,Quatis - RJ,106109,11335,9361.18
2004,3304128,Quatis - RJ,504732,11738,42999.83
2005,3304128,Quatis - RJ,190062,11960,15891.47
2006,3304128,Quatis - RJ,123179,12182,10111.56
2008,3304128,Quatis - RJ,212460,12923,16440.46
2009,3304128,Quatis - RJ,238879,13137,18183.68
2011,3304128,Quatis - RJ,280229,12952,21635.96
2012,3304128,Quatis - RJ,251482,13105,19189.77
2013,3304128,Quatis - RJ,261053,13283,19653.17
2014,3304128,Quatis - RJ,264162,13415,19691.54
2015,3304128,Quatis - RJ,243645,13543,17990.47
2016,3304128,Quatis - RJ,248237,13666,18164.57
2017,3304128,Quatis - RJ,255484,13785,18533.48
2018,3304128,Quatis - RJ,265051,14165,18711.68
2019,3304128,Quatis - RJ,277991,14302,19437.21
2020,3304128,Quatis - RJ,314017,14435,21753.86
2021,3304128,Quatis - RJ,305010,14562,20945.61
2002,3304144,Queimados - RJ,792104,126868,6243.53
2003,3304144,Queimados - RJ,814767,129131,6309.62
2004,3304144,Queimados - RJ,930677,133881,6951.52
2005,3304144,Queimados - RJ,865695,136509,6341.67
2006,3304144,Queimados - RJ,957258,139118,6880.91
2008,3304144,Queimados - RJ,1179364,137870,8554.17
2009,3304144,Queimados - RJ,1386774,139378,9949.73
2011,3304144,Queimados - RJ,2316167,139188,16640.57
2012,3304144,Queimados - RJ,3060380,140374,21801.62
2013,3304144,Queimados - RJ,3669775,141753,25888.52
2014,3304144,Queimados - RJ,3925114,142709,27504.32
2015,3304144,Queimados - RJ,4900734,143632,34120.07
2016,3304144,Queimados - RJ,4668405,144525,32301.71
2017,3304144,Queimados - RJ,3704985,145386,25483.78
2018,3304144,Queimados - RJ,3627917,149265,24305.21
2019,3304144,Queimados - RJ,3877125,150319,25792.65
2020,3304144,Queimados - RJ,3851232,151335,25448.39
2021,3304144,Queimados - RJ,4361684,152311,28636.70
2002,3304151,Quissamã - RJ,1475885,14349,102856.30
2003,3304151,Quissamã - RJ,1808932,14662,123375.53
2004,3304151,Quissamã - RJ,2081145,15319,135853.84
2005,3304151,Quissamã - RJ,2608703,15683,166339.54
2006,3304151,Quissamã - RJ,3722112,16044,231994.02
2008,3304151,Quissamã - RJ,5628250,19315,291392.70
2009,3304151,Quissamã - RJ,3260181,19878,164009.51
2011,3304151,Quissamã - RJ,4529790,20747,218334.70
2012,3304151,Quissamã - RJ,5467885,21234,257506.12
2013,3304151,Quissamã - RJ,4850482,21806,222437.95
2014,3304151,Quissamã - RJ,4574472,22261,205492.66
2015,3304151,Quissamã - RJ,2412852,22700,106293.04
2016,3304151,Quissamã - RJ,995115,23125,43032.00
2017,3304151,Quissamã - RJ,1445640,23535,61425.11
2018,3304151,Quissamã - RJ,2471196,24246,101921.80
2019,3304151,Quissamã - RJ,3822545,24700,154758.91
2020,3304151,Quissamã - RJ,3047661,25126,121295.11
2021,3304151,Quissamã - RJ,5996886,25535,234849.66
2002,3304201,Resende - RJ,1511570,108870,13884.17
2003,3304201,Resende - RJ,1980278,110876,17860.29
2004,3304201,Resende - RJ,2634038,115086,22887.56
2005,3304201,Resende - RJ,2487591,117416,21186.13
2006,3304201,Resende - RJ,2653043,119729,22158.73
2008,3304201,Resende - RJ,4392660,127763,34381.32
2009,3304201,Resende - RJ,3830880,130035,29460.38
2011,3304201,Resende - RJ,6020006,120938,49777.62
2012,3304201,Resende - RJ,6905838,122068,56573.70
2013,3304201,Resende - RJ,9003959,123385,72974.50
2014,3304201,Resende - RJ,7757843,124316,62404.22
2015,3304201,Resende - RJ,6383742,125214,50982.65
2016,3304201,Resende - RJ,6332463,126084,50224.16
2017,3304201,Resende - RJ,7735583,126923,60947.05
2018,3304201,Resende - RJ,8471496,130334,64998.36
2019,3304201,Resende - RJ,8565370,131341,65214.75
2020,3304201,Resende - RJ,8123187,132312,61394.18
2021,3304201,Resende - RJ,10754357,133244,80711.75
2002,3304300,Rio Bonito - RJ,448271,50644,8851.41
2003,3304300,Rio Bonito - RJ,604160,51087,11826.10
2004,3304300,Rio Bonito - RJ,737175,52015,14172.35
2005,3304300,Rio Bonito - RJ,854184,52529,16261.19
2006,3304300,Rio Bonito - RJ,852511,53039,16073.29
2008,3304300,Rio Bonito - RJ,921529,54596,16879.06
2009,3304300,Rio Bonito - RJ,1070537,55051,19446.28
2011,3304300,Rio Bonito - RJ,1212396,56001,21649.54
2012,3304300,Rio Bonito - RJ,1310262,56436,23216.78
2013,3304300,Rio Bonito - RJ,1361919,56942,23917.65
2014,3304300,Rio Bonito - RJ,1491127,57284,26030.43
2015,3304300,Rio Bonito - RJ,1483972,57615,25756.70
2016,3304300,Rio Bonito - RJ,1543308,57963,26625.74
2017,3304300,Rio Bonito - RJ,1600886,58272,27472.65
2018,3304300,Rio Bonito - RJ,1663589,59814,27812.70
2019,3304300,Rio Bonito - RJ,1555794,60201,25843.32
2020,3304300,Rio Bonito - RJ,1730819,60573,28574.10
2021,3304300,Rio Bonito - RJ,1831391,60930,30057.30
2002,3304409,Rio Claro - RJ,84826,16767,5059.10
2003,3304409,Rio Claro - RJ,88617,17018,5207.25
2004,3304409,Rio Claro - RJ,101690,17543,5796.61
2005,3304409,Rio Claro - RJ,105725,17834,5928.28
2006,3304409,Rio Claro - RJ,113541,18122,6265.37
2008,3304409,Rio Claro - RJ,165683,18181,9112.98
2009,3304409,Rio Claro - RJ,187201,18366,10192.80
2011,3304409,Rio Claro - RJ,211522,17517,12075.24
2012,3304409,Rio Claro - RJ,224730,17606,12764.40
2013,3304409,Rio Claro - RJ,289025,17709,16320.80
2014,3304409,Rio Claro - RJ,297151,17768,16723.94
2015,3304409,Rio Claro - RJ,325951,17826,18285.15
2016,3304409,Rio Claro - RJ,334235,17850,18724.65
2017,3304409,Rio Claro - RJ,359021,17988,19958.92
2018,3304409,Rio Claro - RJ,401562,18451,21763.70
2019,3304409,Rio Claro - RJ,390420,18529,21070.75
2020,3304409,Rio Claro - RJ,469707,18605,25246.28
2021,3304409,Rio Claro - RJ,435959,18677,23342.02
2002,3304508,Rio das Flores - RJ,114689,7872,14569.23
2003,3304508,Rio das Flores - RJ,172578,7987,21607.36
2004,3304508,Rio das Flores - RJ,210562,8227,25594.02
2005,3304508,Rio das Flores - RJ,159168,8361,19036.96
2006,3304508,Rio das Flores - RJ,160231,8493,18866.24
2008,3304508,Rio das Flores - RJ,225897,8686,26007.02
2009,3304508,Rio das Flores - RJ,313875,8787,35720.38
2011,3304508,Rio das Flores - RJ,374739,8633,43407.74
2012,3304508,Rio das Flores - RJ,178298,8703,20486.96
2013,3304508,Rio das Flores - RJ,170263,8783,19385.52
2014,3304508,Rio das Flores - RJ,177114,8838,20040.05
2015,3304508,Rio das Flores - RJ,182359,8892,20508.21
2016,3304508,Rio das Flores - RJ,256668,8943,28700.44
2017,3304508,Rio das Flores - RJ,243838,8984,27141.36
2018,3304508,Rio das Flores - RJ,205351,9222,22267.51
2019,3304508,Rio das Flores - RJ,218301,9284,23513.68
2020,3304508,Rio das Flores - RJ,275517,9344,29485.98
2021,3304508,Rio das Flores - RJ,294384,9401,31314.12
2002,3304524,Rio das Ostras - RJ,4026865,40248,100051.31
2003,3304524,Rio das Ostras - RJ,4528681,42024,107764.16
2004,3304524,Rio das Ostras - RJ,5117014,45755,111835.08
2005,3304524,Rio das Ostras - RJ,7841393,47819,163980.70
2006,3304524,Rio das Ostras - RJ,9127760,49868,183038.42
2008,3304524,Rio das Ostras - RJ,10037034,91085,110194.15
2009,3304524,Rio das Ostras - RJ,7667138,96622,79351.89
2011,3304524,Rio das Ostras - RJ,12516380,110992,112768.31
2012,3304524,Rio das Ostras - RJ,14917410,116134,128449.98
2013,3304524,Rio das Ostras - RJ,14893638,122196,121883.19
2014,3304524,Rio das Ostras - RJ,14336159,127171,112731.35
2015,3304524,Rio das Ostras - RJ,8716421,131976,66045.50
2016,3304524,Rio das Ostras - RJ,4888905,136626,35783.12
2017,3304524,Rio das Ostras - RJ,5602589,141117,39701.73
2018,3304524,Rio das Ostras - RJ,8591344,145989,58849.26
2019,3304524,Rio das Ostras - RJ,7745325,150674,51404.52
2020,3304524,Rio das Ostras - RJ,6342613,155193,40869.20
2021,3304524,Rio das Ostras - RJ,8948996,159529,56096.36
2002,3304557,Rio de Janeiro - RJ,94302738,5937253,15883.23
2003,3304557,Rio de Janeiro - RJ,99307638,5974081,16623.08
2004,3304557,Rio de Janeiro - RJ,118557612,6051399,19591.77
2005,3304557,Rio de Janeiro - RJ,123338521,6094183,20238.73
2006,3304557,Rio de Janeiro - RJ,132586054,6136652,21605.60
2008,3304557,Rio de Janeiro - RJ,162937567,6161047,26446.41
2009,3304557,Rio de Janeiro - RJ,187409801,6186710,30292.32
2011,3304557,Rio de Janeiro - RJ,229567799,6355949,36118.57
2012,3304557,Rio de Janeiro - RJ,253200785,6390290,39622.74
2013,3304557,Rio de Janeiro - RJ,284299248,6429923,44215.03
2014,3304557,Rio de Janeiro - RJ,300270152,6453682,46526.95
2015,3304557,Rio de Janeiro - RJ,320186615,6476631,49437.22
2016,3304557,Rio de Janeiro - RJ,328440481,6498837,50538.35
2017,3304557,Rio de Janeiro - RJ,337675255,6520266,51788.57
2018,3304557,Rio de Janeiro - RJ,363403233,6688927,54329.08
2019,3304557,Rio de Janeiro - RJ,354932611,6718903,52825.98
2020,3304557,Rio de Janeiro - RJ,331471515,6747815,49122.79
2021,3304557,Rio de Janeiro - RJ,359632648,6775561,53077.91
2002,3304607,Santa Maria Madalena - RJ,65514,10397,6301.24
2003,3304607,Santa Maria Madalena - RJ,64885,10361,6262.43
2004,3304607,Santa Maria Madalena - RJ,71213,10284,6924.64
2005,3304607,Santa Maria Madalena - RJ,68809,10242,6718.32
2006,3304607,Santa Maria Madalena - RJ,77425,10200,7590.69
2008,3304607,Santa Maria Madalena - RJ,101373,10756,9424.79
2009,3304607,Santa Maria Madalena - RJ,134277,10775,12461.90
2011,3304607,Santa Maria Madalena - RJ,119243,10310,11565.76
2012,3304607,Santa Maria Madalena - RJ,136201,10298,13225.97
2013,3304607,Santa Maria Madalena - RJ,149431,10282,14533.26
2014,3304607,Santa Maria Madalena - RJ,159233,10253,15530.38
2015,3304607,Santa Maria Madalena - RJ,156610,10225,15316.38
2016,3304607,Santa Maria Madalena - RJ,168832,10198,16555.40
2017,3304607,Santa Maria Madalena - RJ,173484,10172,17055.05
2018,3304607,Santa Maria Madalena - RJ,181395,10417,17413.36
2019,3304607,Santa Maria Madalena - RJ,189002,10404,18166.28
2020,3304607,Santa Maria Madalena - RJ,212259,10392,20425.23
2021,3304607,Santa Maria Madalena - RJ,234575,10380,22598.75
2002,3304706,Santo Antônio de Pádua - RJ,224959,39829,5648.12
2003,3304706,Santo Antônio de Pádua - RJ,245298,40357,6078.20
2004,3304706,Santo Antônio de Pádua - RJ,275290,41465,6639.09
2005,3304706,Santo Antônio de Pádua - RJ,309244,42078,7349.30
2006,3304706,Santo Antônio de Pádua - RJ,344704,42686,8075.34
2008,3304706,Santo Antônio de Pádua - RJ,487914,42093,11591.33
2009,3304706,Santo Antônio de Pádua - RJ,532365,42405,12554.30
2011,3304706,Santo Antônio de Pádua - RJ,640121,40735,15714.28
2012,3304706,Santo Antônio de Pádua - RJ,742666,40876,18168.75
2013,3304706,Santo Antônio de Pádua - RJ,867903,41035,21150.31
2014,3304706,Santo Antônio de Pádua - RJ,924938,41108,22500.19
2015,3304706,Santo Antônio de Pádua - RJ,1031526,41178,25050.42
2016,3304706,Santo Antônio de Pádua - RJ,1077169,41246,26115.72
2017,3304706,Santo Antônio de Pádua - RJ,1049780,41312,25411.02
2018,3304706,Santo Antônio de Pádua - RJ,1112973,42359,26274.77
2019,3304706,Santo Antônio de Pádua - RJ,1158143,42479,27263.90
2020,3304706,Santo Antônio de Pádua - RJ,1195427,42594,28065.62
2021,3304706,Santo Antônio de Pádua - RJ,1284632,42705,30081.54
2002,3304755,São Francisco de Itabapoana - RJ,193959,42783,4533.55
2003,3304755,São Francisco de Itabapoana - RJ,199634,43544,4584.65
2004,3304755,São Francisco de Itabapoana - RJ,234374,45140,5192.16
2005,3304755,São Francisco de Itabapoana - RJ,263131,46024,5717.26
2006,3304755,São Francisco de Itabapoana - RJ,294610,46900,6281.66
2008,3304755,São Francisco de Itabapoana - RJ,417421,47247,8834.87
2009,3304755,São Francisco de Itabapoana - RJ,462944,47832,9678.54
2011,3304755,São Francisco de Itabapoana - RJ,600231,41371,14508.50
2012,3304755,São Francisco de Itabapoana - RJ,1024441,41386,24753.32
2013,3304755,São Francisco de Itabapoana - RJ,1368577,41397,33059.81
2014,3304755,São Francisco de Itabapoana - RJ,1002625,41343,24251.38
2015,3304755,São Francisco de Itabapoana - RJ,910098,41291,22041.07
2016,3304755,São Francisco de Itabapoana - RJ,956780,41240,23200.29
2017,3304755,São Francisco de Itabapoana - RJ,939797,41191,22815.59
2018,3304755,São Francisco de Itabapoana - RJ,1023335,42201,24249.07
2019,3304755,São Francisco de Itabapoana - RJ,1013581,42205,24015.66
2020,3304755,São Francisco de Itabapoana - RJ,1245619,42210,29510.05
2021,3304755,São Francisco de Itabapoana - RJ,1184513,42214,28059.72
2002,3304805,São Fidélis - RJ,218200,37254,5857.09
2003,3304805,São Fidélis - RJ,208890,37469,5575.01
2004,3304805,São Fidélis - RJ,271377,37922,7156.19
2005,3304805,São Fidélis - RJ,272665,38172,7143.06
2006,3304805,São Fidélis - RJ,286155,38421,7447.88
2008,3304805,São Fidélis - RJ,403979,39057,10343.32
2009,3304805,São Fidélis - RJ,358226,39256,9125.38
2011,3304805,São Fidélis - RJ,477681,37601,12703.94
2012,3304805,São Fidélis - RJ,610938,37657,16223.76
2013,3304805,São Fidélis - RJ,601875,37717,15957.66
2014,3304805,São Fidélis - RJ,676774,37710,17946.80
2015,3304805,São Fidélis - RJ,716979,37703,19016.50
2016,3304805,São Fidélis - RJ,729989,37696,19365.16
2017,3304805,São Fidélis - RJ,669862,37689,17773.41
2018,3304805,São Fidélis - RJ,695121,38626,17996.19
2019,3304805,São Fidélis - RJ,751081,38669,19423.34
2020,3304805,São Fidélis - RJ,800639,38710,20683.00
2021,3304805,São Fidélis - RJ,845178,38749,21811.61
2002,3304904,São Gonçalo - RJ,4614212,914534,5045.42
2003,3304904,São Gonçalo - RJ,5063762,925402,5471.96
2004,3304904,São Gonçalo - RJ,5776984,948216,6092.48
2005,3304904,São Gonçalo - RJ,5917110,960841,6158.26
2006,3304904,São Gonçalo - RJ,6526561,973372,6705.10
2008,3304904,São Gonçalo - RJ,7754880,982832,7890.34
2009,3304904,São Gonçalo - RJ,8968781,991382,9046.75
2011,3304904,São Gonçalo - RJ,11428471,1008065,11337.04
2012,3304904,São Gonçalo - RJ,12357811,1016128,12161.67
2013,3304904,São Gonçalo - RJ,13943168,1025507,13596.37
2014,3304904,São Gonçalo - RJ,15527350,1031903,15047.30
2015,3304904,São Gonçalo - RJ,16639685,1038081,16029.27
2016,3304904,São Gonçalo - RJ,16903510,1044058,16190.20
2017,3304904,São Gonçalo - RJ,17228897,1049826,16411.19
2018,3304904,São Gonçalo - RJ,18554621,1077687,17217.08
2019,3304904,São Gonçalo - RJ,18368097,1084839,16931.63
2020,3304904,São Gonçalo - RJ,19009507,1091737,17412.17
2021,3304904,São Gonçalo - RJ,20324752,1098357,18504.69
2002,3305000,São João da Barra - RJ,192586,27993,6879.79
2003,3305000,São João da Barra - RJ,677423,28138,24075.02
2004,3305000,São João da Barra - RJ,855804,28441,30090.50
2005,3305000,São João da Barra - RJ,1026166,28609,35868.64
2006,3305000,São João da Barra - RJ,1302539,28775,45266.34
2008,3305000,São João da Barra - RJ,4264896,30348,140533.02
2009,3305000,São João da Barra - RJ,3728763,30595,121874.91
2011,3305000,São João da Barra - RJ,9081763,33136,274075.42
2012,3305000,São João da Barra - RJ,7016927,33512,209385.50
2013,3305000,São João da Barra - RJ,7239582,33951,213236.19
2014,3305000,São João da Barra - RJ,8844406,34273,258057.54
2015,3305000,São João da Barra - RJ,7310408,34583,211387.33
2016,3305000,São João da Barra - RJ,3890155,34884,111516.88
2017,3305000,São João da Barra - RJ,4693340,35174,133432.08
2018,3305000,São João da Barra - RJ,7204709,36138,199366.57
2019,3305000,São João da Barra - RJ,7968880,36102,220732.37
2020,3305000,São João da Barra - RJ,6463427,36423,177454.55
2021,3305000,São João da Barra - RJ,9886849,36731,269169.07
2002,3305109,São João de Meriti - RJ,2244410,454463,4938.60
2003,3305109,São João de Meriti - RJ,2387331,456778,5226.46
2004,3305109,São João de Meriti - RJ,2592684,461638,5616.27
2005,3305109,São João de Meriti - RJ,2828092,464327,6090.73
2006,3305109,São João de Meriti - RJ,3111539,466996,6662.88
2008,3305109,São João de Meriti - RJ,3775940,468309,8062.92
2009,3305109,São João de Meriti - RJ,4381896,469827,9326.62
2011,3305109,São João de Meriti - RJ,6893914,459379,15007.03
2012,3305109,São João de Meriti - RJ,5987481,460062,13014.51
2013,3305109,São João de Meriti - RJ,6545532,460799,14204.74
2014,3305109,São João de Meriti - RJ,7253960,460711,15745.14
2015,3305109,São João de Meriti - RJ,9085882,460625,19725.12
2016,3305109,São João de Meriti - RJ,9405814,460541,20423.40
2017,3305109,São João de Meriti - RJ,9196061,460461,19971.42
2018,3305109,São João de Meriti - RJ,9319208,471888,19748.77
2019,3305109,São João de Meriti - RJ,9746519,472406,20631.66
2020,3305109,São João de Meriti - RJ,9112402,472906,19268.95
2021,3305109,São João de Meriti - RJ,8963716,473385,18935.36
2002,3305133,São José de Ubá - RJ,36131,6506,5553.49
2003,3305133,São José de Ubá - RJ,36403,6549,5558.56
2004,3305133,São José de Ubá - RJ,44525,6639,6706.58
2005,3305133,São José de Ubá - RJ,58589,6689,8759.01
2006,3305133,São José de Ubá - RJ,58518,6738,8684.77
2008,3305133,São José de Ubá - RJ,100351,7220,13899.03
2009,3305133,São José de Ubá - RJ,84441,7297,11572.02
2011,3305133,São José de Ubá - RJ,123695,7049,17547.88
2012,3305133,São José de Ubá - RJ,129201,7093,18215.28
2013,3305133,São José de Ubá - RJ,125853,7143,17619.07
2014,3305133,São José de Ubá - RJ,168769,7175,23521.81
2015,3305133,São José de Ubá - RJ,178968,7206,24835.97
2016,3305133,São José de Ubá - RJ,182164,7236,25174.68
2017,3305133,São José de Ubá - RJ,159812,6953,22984.61
2018,3305133,São José de Ubá - RJ,204869,7134,28717.27
2019,3305133,São José de Ubá - RJ,179374,7171,25013.81
2020,3305133,São José de Ubá - RJ,169063,7206,23461.42
2021,3305133,São José de Ubá - RJ,196857,7240,27190.19
2002,3305158,São José do Vale do Rio Preto - RJ,210866,20079,10501.82
2003,3305158,São José do Vale do Rio Preto - RJ,238962,20450,11685.18
2004,3305158,São José do Vale do Rio Preto - RJ,274922,21231,12949.08
2005,3305158,São José do Vale do Rio Preto - RJ,274594,21662,12676.30
2006,3305158,São José do Vale do Rio Preto - RJ,292872,21375,13701.61
2008,3305158,São José do Vale do Rio Preto - RJ,400523,20412,19621.94
2009,3305158,São José do Vale do Rio Preto - RJ,497218,20574,24167.30
2011,3305158,São José do Vale do Rio Preto - RJ,429996,20398,21080.30
2012,3305158,São José do Vale do Rio Preto - RJ,282063,20540,13732.38
2013,3305158,São José do Vale do Rio Preto - RJ,338479,20704,16348.48
2014,3305158,São José do Vale do Rio Preto - RJ,343377,20812,16498.99
2015,3305158,São José do Vale do Rio Preto - RJ,397748,20916,19016.45
2016,3305158,São José do Vale do Rio Preto - RJ,452906,21017,21549.51
2017,3305158,São José do Vale do Rio Preto - RJ,452015,21114,21408.31
2018,3305158,São José do Vale do Rio Preto - RJ,532224,21670,24560.41
2019,3305158,São José do Vale do Rio Preto - RJ,544438,21795,24979.95
2020,3305158,São José do Vale do Rio Preto - RJ,700757,21916,31974.68
2021,3305158,São José do Vale do Rio Preto - RJ,744334,22032,33784.22
2002,3305208,São Pedro da Aldeia - RJ,339406,67494,5028.68
2003,3305208,São Pedro da Aldeia - RJ,363884,69474,5237.70
2004,3305208,São Pedro da Aldeia - RJ,412843,73632,5606.84
2005,3305208,São Pedro da Aldeia - RJ,491420,76414,6431.02
2006,3305208,São Pedro da Aldeia - RJ,518317,78717,6584.56
2008,3305208,São Pedro da Aldeia - RJ,604606,82951,7288.71
2009,3305208,São Pedro da Aldeia - RJ,817208,84866,9629.39
2011,3305208,São Pedro da Aldeia - RJ,1074129,89739,11969.48
2012,3305208,São Pedro da Aldeia - RJ,1245547,91542,13606.29
2013,3305208,São Pedro da Aldeia - RJ,1452297,93659,15506.22
2014,3305208,São Pedro da Aldeia - RJ,1779711,95318,18671.30
2015,3305208,São Pedro da Aldeia - RJ,1958302,96920,20205.34
2016,3305208,São Pedro da Aldeia - RJ,2036820,98470,20684.68
2017,3305208,São Pedro da Aldeia - RJ,2159191,99906,21612.23
2018,3305208,São Pedro da Aldeia - RJ,2289650,102846,22262.90
2019,3305208,São Pedro da Aldeia - RJ,2437962,104476,23335.14
2020,3305208,São Pedro da Aldeia - RJ,2592106,106049,24442.53
2021,3305208,São Pedro da Aldeia - RJ,2743637,107556,25508.92
2002,3305307,São Sebastião do Alto - RJ,42214,8518,4955.86
2003,3305307,São Sebastião do Alto - RJ,49320,8571,5754.29
2004,3305307,São Sebastião do Alto - RJ,54035,8684,6222.36
2005,3305307,São Sebastião do Alto - RJ,56261,8747,6432.03
2006,3305307,São Sebastião do Alto - RJ,63479,8809,7206.15
2008,3305307,São Sebastião do Alto - RJ,86174,8998,9577.02
2009,3305307,São Sebastião do Alto - RJ,90877,9052,10039.44
2011,3305307,São Sebastião do Alto - RJ,108178,8933,12109.93
2012,3305307,São Sebastião do Alto - RJ,121865,8970,13585.84
2013,3305307,São Sebastião do Alto - RJ,141059,9012,15652.35
2014,3305307,São Sebastião do Alto - RJ,150513,9033,16662.57
2015,3305307,São Sebastião do Alto - RJ,161638,9054,17852.66
2016,3305307,São Sebastião do Alto - RJ,188592,9075,20781.49
2017,3305307,São Sebastião do Alto - RJ,181138,9094,19918.41
2018,3305307,São Sebastião do Alto - RJ,203376,9326,21807.42
2019,3305307,São Sebastião do Alto - RJ,203161,9357,21712.19
2020,3305307,São Sebastião do Alto - RJ,230672,9387,24573.56
2021,3305307,São Sebastião do Alto - RJ,241281,9416,25624.58
2002,3305406,Sapucaia - RJ,148294,17521,8463.79
2003,3305406,Sapucaia - RJ,178688,17689,10101.65
2004,3305406,Sapucaia - RJ,171804,18044,9521.39
2005,3305406,Sapucaia - RJ,150949,18240,8275.71
2006,3305406,Sapucaia - RJ,170460,18434,9247.04
2008,3305406,Sapucaia - RJ,278948,17352,16075.84
2009,3305406,Sapucaia - RJ,352080,17356,20285.78
2011,3305406,Sapucaia - RJ,458532,17554,26121.23
2012,3305406,Sapucaia - RJ,529402,17581,30112.17
2013,3305406,Sapucaia - RJ,609453,17610,34608.35
2014,3305406,Sapucaia - RJ,707014,17608,40153.00
2015,3305406,Sapucaia - RJ,726387,17606,41257.92
2016,3305406,Sapucaia - RJ,827312,17604,46995.68
2017,3305406,Sapucaia - RJ,710790,17765,40010.70
2018,3305406,Sapucaia - RJ,746394,18205,40999.40
2019,3305406,Sapucaia - RJ,753960,18228,41362.74
2020,3305406,Sapucaia - RJ,836397,18249,45832.48
2021,3305406,Sapucaia - RJ,1000567,18270,54765.57
2002,3305505,Saquarema - RJ,294558,55527,5304.77
2003,3305505,Saquarema - RJ,308380,56950,5414.93
2004,3305505,Saquarema - RJ,352576,59938,5882.35
2005,3305505,Saquarema - RJ,454290,61591,7375.92
2006,3305505,Saquarema - RJ,726211,63232,11484.87
2008,3305505,Saquarema - RJ,983623,67853,14496.38
2009,3305505,Saquarema - RJ,1317469,69374,18990.82
2011,3305505,Saquarema - RJ,1468448,75906,19345.61
2012,3305505,Saquarema - RJ,1690179,77522,21802.57
2013,3305505,Saquarema - RJ,1748295,79421,22013.01
2014,3305505,Saquarema - RJ,1919565,80915,23723.23
2015,3305505,Saquarema - RJ,2065630,82359,25080.80
2016,3305505,Saquarema - RJ,2188281,83750,26128.73
2017,3305505,Saquarema - RJ,2093438,85175,24578.08
2018,3305505,Saquarema - RJ,3104960,87704,35402.72
2019,3305505,Saquarema - RJ,10711481,89170,120124.27
2020,3305505,Saquarema - RJ,15156219,90583,167318.58
2021,3305505,Saquarema - RJ,42178159,91938,458767.42
2002,3305554,Seropédica - RJ,546344,68542,7970.94
2003,3305554,Seropédica - RJ,739913,70065,10560.38
2004,3305554,Seropédica - RJ,546429,73262,7458.56
2005,3305554,Seropédica - RJ,418669,75032,5579.87
2006,3305554,Seropédica - RJ,515250,76788,6710.03
2008,3305554,Seropédica - RJ,537337,77618,6922.84
2009,3305554,Seropédica - RJ,692277,78819,8783.12
2011,3305554,Seropédica - RJ,1006115,79179,12706.84
2012,3305554,Seropédica - RJ,1156235,80138,14428.05
2013,3305554,Seropédica - RJ,1775229,81260,21846.28
2014,3305554,Seropédica - RJ,2151936,82090,26214.35
2015,3305554,Seropédica - RJ,2294079,82892,27675.52
2016,3305554,Seropédica - RJ,2214093,83667,26463.16
2017,3305554,Seropédica - RJ,4212583,84416,49902.66
2018,3305554,Seropédica - RJ,4486969,86743,51727.16
2019,3305554,Seropédica - RJ,4159296,82312,50530.86
2020,3305554,Seropédica - RJ,4629949,83092,55720.76
2021,3305554,Seropédica - RJ,4777005,83841,56976.96
2002,3305604,Silva Jardim - RJ,111343,21922,5079.05
2003,3305604,Silva Jardim - RJ,120155,22227,5405.81
2004,3305604,Silva Jardim - RJ,138199,22868,6043.34
2005,3305604,Silva Jardim - RJ,147446,23222,6349.41
2006,3305604,Silva Jardim - RJ,163030,23574,6915.67
2008,3305604,Silva Jardim - RJ,215655,22158,9732.60
2009,3305604,Silva Jardim - RJ,209352,22230,9417.54
2011,3305604,Silva Jardim - RJ,244844,21356,11464.88
2012,3305604,Silva Jardim - RJ,275399,21362,12892.00
2013,3305604,Silva Jardim - RJ,336561,21366,15752.18
2014,3305604,Silva Jardim - RJ,342722,21336,16063.09
2015,3305604,Silva Jardim - RJ,378595,21307,17768.57
2016,3305604,Silva Jardim - RJ,403121,21279,18944.55
2017,3305604,Silva Jardim - RJ,448748,21253,21114.57
2018,3305604,Silva Jardim - RJ,465723,21773,21389.93
2019,3305604,Silva Jardim - RJ,494821,21774,22725.31
2020,3305604,Silva Jardim - RJ,559702,21774,25705.06
2021,3305604,Silva Jardim - RJ,602627,21775,27675.18
2002,3305703,Sumidouro - RJ,94756,14428,6567.51
2003,3305703,Sumidouro - RJ,90387,14545,6214.30
2004,3305703,Sumidouro - RJ,124281,14791,8402.47
2005,3305703,Sumidouro - RJ,124738,14927,8356.54
2006,3305703,Sumidouro - RJ,137533,15062,9131.12
2008,3305703,Sumidouro - RJ,190139,15219,12493.53
2009,3305703,Sumidouro - RJ,184016,15313,12016.98
2011,3305703,Sumidouro - RJ,282764,14956,18906.39
2012,3305703,Sumidouro - RJ,285918,15010,19048.50
2013,3305703,Sumidouro - RJ,311321,15070,20658.33
2014,3305703,Sumidouro - RJ,343089,15099,22722.63
2015,3305703,Sumidouro - RJ,349439,15127,23100.35
2016,3305703,Sumidouro - RJ,370863,15153,24474.56
2017,3305703,Sumidouro - RJ,361782,15191,23815.55
2018,3305703,Sumidouro - RJ,448029,15577,28762.21
2019,3305703,Sumidouro - RJ,440265,15623,28180.57
2020,3305703,Sumidouro - RJ,611065,15667,39003.32
2021,3305703,Sumidouro - RJ,600250,15709,38210.58
2002,3305752,Tanguá - RJ,238699,27207,8773.44
2003,3305752,Tanguá - RJ,321967,27741,11606.18
2004,3305752,Tanguá - RJ,305478,28861,10584.46
2005,3305752,Tanguá - RJ,200775,29481,6810.32
2006,3305752,Tanguá - RJ,230230,30097,7649.60
2008,3305752,Tanguá - RJ,262338,30139,8704.27
2009,3305752,Tanguá - RJ,306249,30531,10030.76
2011,3305752,Tanguá - RJ,423204,31091,13611.78
2012,3305752,Tanguá - RJ,454033,31438,14442.17
2013,3305752,Tanguá - RJ,455031,31844,14289.38
2014,3305752,Tanguá - RJ,567216,32140,17648.29
2015,3305752,Tanguá - RJ,556262,32426,17154.81
2016,3305752,Tanguá - RJ,561761,32703,17177.66
2017,3305752,Tanguá - RJ,515332,32970,15630.33
2018,3305752,Tanguá - RJ,550442,33870,16251.61
2019,3305752,Tanguá - RJ,579270,34309,16883.91
2020,3305752,Tanguá - RJ,621334,34610,17952.44
2021,3305752,Tanguá - RJ,694534,34898,19901.83
2002,3305802,Teresópolis - RJ,1116082,141736,7874.37
2003,3305802,Teresópolis - RJ,1163109,143433,8109.08
2004,3305802,Teresópolis - RJ,1426294,146994,9703.08
2005,3305802,Teresópolis - RJ,1415468,148965,9502.02
2006,3305802,Teresópolis - RJ,1548726,150921,10261.83
2008,3305802,Teresópolis - RJ,2050922,159968,12820.83
2009,3305802,Teresópolis - RJ,2520641,162075,15552.31
2011,3305802,Teresópolis - RJ,3274234,165716,19758.10
2012,3305802,Teresópolis - RJ,3874685,167622,23115.61
2013,3305802,Teresópolis - RJ,3975990,169849,23408.97
2014,3305802,Teresópolis - RJ,4450035,171482,25950.45
2015,3305802,Teresópolis - RJ,5008884,173060,28943.05
2016,3305802,Teresópolis - RJ,5239125,174587,30008.68
2017,3305802,Teresópolis - RJ,5090374,176060,28912.72
2018,3305802,Teresópolis - RJ,5165476,180886,28556.53
2019,3305802,Teresópolis - RJ,5229226,182594,28638.54
2020,3305802,Teresópolis - RJ,5757344,184240,31249.15
2021,3305802,Teresópolis - RJ,5923899,185820,31879.77
2002,3305901,Trajano de Moraes - RJ,48307,9911,4874.08
2003,3305901,Trajano de Moraes - RJ,48118,9853,4883.59
2004,3305901,Trajano de Moraes - RJ,58353,9729,5997.84
2005,3305901,Trajano de Moraes - RJ,56562,9661,5854.67
2006,3305901,Trajano de Moraes - RJ,59713,9593,6224.64
2008,3305901,Trajano de Moraes - RJ,93499,9934,9412.02
2009,3305901,Trajano de Moraes - RJ,76895,9914,7756.20
2011,3305901,Trajano de Moraes - RJ,114408,10309,11097.88
2012,3305901,Trajano de Moraes - RJ,132383,10327,12819.11
2013,3305901,Trajano de Moraes - RJ,152837,10347,14771.14
2014,3305901,Trajano de Moraes - RJ,161488,10348,15605.72
2015,3305901,Trajano de Moraes - RJ,175822,10350,16987.63
2016,3305901,Trajano de Moraes - RJ,189257,10351,18283.93
2017,3305901,Trajano de Moraes - RJ,180214,10352,17408.62
2018,3305901,Trajano de Moraes - RJ,195808,10611,18453.30
2019,3305901,Trajano de Moraes - RJ,206651,10626,19447.68
2020,3305901,Trajano de Moraes - RJ,230684,10640,21680.83
2021,3305901,Trajano de Moraes - RJ,242013,10653,22717.83
2002,3306008,Três Rios - RJ,615950,73242,8409.79
2003,3306008,Três Rios - RJ,675586,73829,9150.69
2004,3306008,Três Rios - RJ,702297,75062,9356.23
2005,3306008,Três Rios - RJ,740643,75744,9778.24
2006,3306008,Três Rios - RJ,867708,76422,11354.17
2008,3306008,Três Rios - RJ,1148044,75754,15154.90
2009,3306008,Três Rios - RJ,1463378,76075,19235.99
2011,3306008,Três Rios - RJ,1950586,77851,25055.38
2012,3306008,Três Rios - RJ,2411569,78256,30816.41
2013,3306008,Três Rios - RJ,2893042,78723,36749.64
2014,3306008,Três Rios - RJ,3429418,78998,43411.45
2015,3306008,Três Rios - RJ,3582747,79264,45200.18
2016,3306008,Três Rios - RJ,3638041,79230,45917.47
2017,3306008,Três Rios - RJ,3716629,79402,46807.75
2018,3306008,Três Rios - RJ,3988535,81453,48967.32
2019,3306008,Três Rios - RJ,4365979,81804,53371.22
2020,3306008,Três Rios - RJ,5399663,82142,65735.71
2021,3306008,Três Rios - RJ,6348140,82468,76977.01
2002,3306107,Valença - RJ,389536,67466,5773.81
2003,3306107,Valença - RJ,423586,68003,6228.93
2004,3306107,Valença - RJ,436621,69131,6315.85
2005,3306107,Valença - RJ,442876,69756,6348.93
2006,3306107,Valença - RJ,504120,70375,7163.34
2008,3306107,Valença - RJ,656309,74993,8751.60
2009,3306107,Valença - RJ,760355,75819,10028.55
2011,3306107,Valença - RJ,1070290,72268,14810.01
2012,3306107,Valença - RJ,1211151,72679,16664.39
2013,3306107,Valença - RJ,1398065,73154,19111.26
2014,3306107,Valença - RJ,1625456,73445,22131.61
2015,3306107,Valença - RJ,1902222,73725,25801.59
2016,3306107,Valença - RJ,2010736,73997,27173.21
2017,3306107,Valença - RJ,2200072,74237,29635.79
2018,3306107,Valença - RJ,2576172,76163,33824.46
2019,3306107,Valença - RJ,2051662,76523,26811.05
2020,3306107,Valença - RJ,2245815,76869,29216.13
2021,3306107,Valença - RJ,3122592,77202,40447.04
2002,3306156,Varre-Sai - RJ,41793,8007,5219.56
2003,3306156,Varre-Sai - RJ,45782,8078,5667.49
2004,3306156,Varre-Sai - RJ,53371,8227,6487.30
2005,3306156,Varre-Sai - RJ,56924,8309,6850.88
2006,3306156,Varre-Sai - RJ,65172,8391,7766.89
2008,3306156,Varre-Sai - RJ,89033,8766,10156.63
2009,3306156,Varre-Sai - RJ,91509,8852,10337.66
2011,3306156,Varre-Sai - RJ,104727,9600,10909.06
2012,3306156,Varre-Sai - RJ,122496,9720,12602.47
2013,3306156,Varre-Sai - RJ,126694,9861,12847.99
2014,3306156,Varre-Sai - RJ,128295,9966,12873.27
2015,3306156,Varre-Sai - RJ,146666,10402,14099.79
2016,3306156,Varre-Sai - RJ,156569,10500,14911.33
2017,3306156,Varre-Sai - RJ,183085,10597,17277.06
2018,3306156,Varre-Sai - RJ,187063,10890,17177.50
2019,3306156,Varre-Sai - RJ,203016,11000,18456.00
2020,3306156,Varre-Sai - RJ,250289,11106,22536.38
2021,3306156,Varre-Sai - RJ,264149,11208,23567.90
2002,3306206,Vassouras - RJ,234811,32041,7328.45
2003,3306206,Vassouras - RJ,252139,32314,7802.78
2004,3306206,Vassouras - RJ,268719,32889,8170.48
2005,3306206,Vassouras - RJ,269857,33206,8126.75
2006,3306206,Vassouras - RJ,306112,33522,9131.67
2008,3306206,Vassouras - RJ,372532,34024,10949.09
2009,3306206,Vassouras - RJ,411705,34259,12017.43
2011,3306206,Vassouras - RJ,539121,34638,15564.44
2012,3306206,Vassouras - RJ,694817,34858,19932.78
2013,3306206,Vassouras - RJ,722720,35112,20583.28
2014,3306206,Vassouras - RJ,790341,35275,22405.13
2015,3306206,Vassouras - RJ,911754,35432,25732.50
2016,3306206,Vassouras - RJ,961892,35622,27002.75
2017,3306206,Vassouras - RJ,918386,35768,25676.19
2018,3306206,Vassouras - RJ,983905,36702,26807.94
2019,3306206,Vassouras - RJ,1090969,36896,29568.76
2020,3306206,Vassouras - RJ,1280257,37083,34524.09
2021,3306206,Vassouras - RJ,1321254,37262,35458.48
2002,3306305,Volta Redonda - RJ,4384725,246641,17777.76
2003,3306305,Volta Redonda - RJ,4944518,248766,19876.18
2004,3306305,Volta Redonda - RJ,6050380,253226,23893.20
2005,3306305,Volta Redonda - RJ,5486953,255695,21458.98
2006,3306305,Volta Redonda - RJ,5827982,258145,22576.39
2008,3306305,Volta Redonda - RJ,8806797,259811,33896.94
2009,3306305,Volta Redonda - RJ,7724479,261403,29550.08
2011,3306305,Volta Redonda - RJ,9664119,259012,37311.47
2012,3306305,Volta Redonda - RJ,10284069,260180,39526.75
2013,3306305,Volta Redonda - RJ,10415764,261522,39827.49
2014,3306305,Volta Redonda - RJ,10501937,262259,40044.14
2015,3306305,Volta Redonda - RJ,10612960,262970,40358.06
2016,3306305,Volta Redonda - RJ,10435923,263659,39581.14
2017,3306305,Volta Redonda - RJ,11311118,265201,42651.11
2018,3306305,Volta Redonda - RJ,13407989,271998,49294.44
2019,3306305,Volta Redonda - RJ,11017493,273012,40355.34
2020,3306305,Volta Redonda - RJ,11636497,273988,42470.83
2021,3306305,Volta Redonda - RJ,19671203,274925,71551.16
